Preco_Simulado;Lucro_Prejuizo
130,52495568267136;17254,95568267136
86,99436912485533;-13270,0
114,17211419786315;902,1141978631531
103,62596548929571;-9644,034510704292
110,88526089927748;-2384,739100722516
136,236319609266;22966,319609265993
125,71311916862533;12443,119168625326
90,5037293089383;-13270,0
80,39397894571286;-13270,0
96,32021370148922;-13270,0
110,94868324601678;-2321,3167539832157
161,51742028167376;48247,42028167377
118,87747386873309;5607,47386873309
118,03334056666432;4763,340566664323
88,56402332717349;-13270,0
96,08082656510602;-13270,0
120,96979647387789;7699,796473877894
75,43763906842292;-13270,0
96,39178369937139;-13270,0
115,25134736775516;1981,3473677551592
125,394403830673;12124,403830673
152,68732580148193;39417,32580148193
92,55805634201106;-13270,0
128,806268777427;15536,268777426994
93,7406583636691;-13270,0
103,7812971661872;-9488,702833812798
90,32818651392797;-13270,0
63,58190093972321;-13270,0
137,5862290368177;24316,229036817713
115,98815502528548;2718,1550252854795
79,02385317270209;-13270,0
117,61304877344574;4343,048773445742
120,14683764465224;6876,837644652238
145,08740766251205;31817,40766251205
106,03710754950002;-7232,892450499979
162,70659375938138;49436,59375938138
134,17598946911104;20905,989469111046
103,36847097829424;-9901,529021705759
154,31114523694657;41041,14523694657
83,94299178941054;-13270,0
167,57791964663002;54307,91964663002
136,0278168495043;22757,816849504292
92,29646597361096;-13270,0
121,39136754319999;8121,367543199991
102,40156086739844;-10868,439132601556
104,64450054629688;-8625,499453703118
97,72380656943575;-13270,0
114,06955157565991;799,5515756599143
88,34747994564842;-13270,0
117,3582491232533;4088,249123253303
164,95517297498174;51685,17297498174
123,81240470040728;10542,404700407285
97,86554429496024;-13270,0
137,63362392879534;24363,623928795343
125,97428339387957;12704,283393879574
101,92494584834873;-11345,054151651273
108,6958348127032;-4574,165187296803
114,92215751889701;1652,1575188970091
81,85115777607972;-13270,0
117,62648283204793;4356,482832047928
102,49499031045912;-10775,009689540884
114,10125444280199;831,2544428019883
125,30010775581582;12030,107755815814
117,30258107674976;4032,5810767497605
92,06923411878167;-13270,0
73,62104148901804;-13270,0
127,17549241327977;13905,492413279771
87,60971637935334;-13270,0
112,78384101021184;-486,15898978815494
174,24861238327352;60978,61238327352
94,31999050231093;-13270,0
108,17879776339683;-5091,202236603171
107,88566205087542;-5384,337949124575
106,69215214024102;-6577,847859758979
133,23913444130906;19969,134441309063
85,61810620813662;-13270,0
95,66285973451197;-13270,0
93,8884596752759;-13270,0
157,83267464755718;44562,674647557185
81,47751178583572;-13270,0
127,49909069518672;14229,090695186722
97,75455236679039;-13270,0
118,63407257976326;5364,072579763255
125,78543589477455;12515,43589477455
107,01628806967547;-6253,711930324532
92,72461792489742;-13270,0
116,46081765608184;3190,817656081843
118,75299450022254;5482,994500222543
119,88494647805493;6614,946478054928
128,34139122170706;15071,391221707057
83,48908864186522;-13270,0
123,13343570888343;9863,435708883426
105,94426220498119;-7325,737795018814
98,03666751772838;-13270,0
93,4546632686189;-13270,0
154,61860453169226;41348,604531692254
124,72087996246492;11450,879962464922
131,13374133796222;17863,74133796222
113,41526063824807;145,2606382480717
102,56869932768764;-10701,300672312362
71,03350185379338;-13270,0
97,94611037574985;-13270,0
151,05293155509878;37782,93155509878
84,70414402269517;-13270,0
163,79801486825636;50528,01486825636
77,66870172570776;-13270,0
129,81021961282616;16540,21961282616
78,4987853378924;-13270,0
166,62623959774695;53356,23959774694
123,93729049598467;10667,290495984671
104,98317100677288;-8286,828993227122
130,7227211291899;17452,721129189893
124,14331234491232;10873,312344912316
105,95000248579136;-7319,997514208641
96,35566559834244;-13270,0
92,37269056447782;-13270,0
101,65911873882419;-11610,88126117581
144,0420420890425;30772,042089042494
95,03691810171084;-13270,0
102,7089871132547;-10561,012886745306
150,07894669368238;36808,94669368238
127,86718206695929;14597,182066959289
70,9808890808467;-13270,0
85,73737913813933;-13270,0
78,34095705608999;-13270,0
123,05222453327391;9782,224533273915
95,1390207284728;-13270,0
130,10539493917184;16835,394939171845
137,03072798949245;23760,72798949245
108,63428853612498;-4635,711463875015
134,21537257011593;20945,372570115935
115,16955982040639;1899,5598204063917
105,06959202196586;-8200,40797803414
99,16446732841602;-13270,0
141,48854589074114;28218,545890741138
100,46430155981163;-12805,69844018837
85,1863855285102;-13270,0
141,8028692263812;28532,869226381204
106,92242761103066;-6347,572388969344
123,08237270415516;9812,372704155161
73,47366052519969;-13270,0
84,47990456551884;-13270,0
93,03060858919719;-13270,0
104,0367413182908;-9233,258681709205
82,00821524841699;-13270,0
101,17265806494137;-12097,341935058626
75,37728618798161;-13270,0
147,0704051972893;33800,40519728929
115,7072299730438;2437,2299730437953
126,89569960331045;13625,699603310448
124,92160561601835;11651,605616018354
90,87874600621957;-13270,0
141,16797672618634;27897,976726186338
99,56811159408383;-13270,0
138,07300170457285;24803,001704572845
100,04575443926586;-13224,245560734136
106,47476163086122;-6795,238369138777
103,18193788697383;-10088,062113026172
98,80480969002993;-13270,0
114,7572358931261;1487,2358931260933
99,77999026118522;-13270,0
85,04479513436485;-13270,0
103,54854489163307;-9721,455108366928
119,97707278148111;6707,072781481111
178,27948680146892;65009,48680146891
125,94886350883489;12678,86350883489
96,88004776587681;-13270,0
91,46183872374141;-13270,0
151,4862785774664;38216,27857746641
96,6424162075556;-13270,0
113,01527736980812;-254,72263019188176
114,37483776418118;1104,8377641811803
102,93096522471501;-10339,03477528499
102,656481652912;-10613,518347087993
108,3807417101077;-4889,258289892301
95,06684885200688;-13270,0
103,75827400761992;-9511,725992380083
75,9329919678605;-13270,0
102,38655071224471;-10883,449287755288
119,58778154774201;6317,781547742012
100,95384336732663;-12316,156632673374
105,83774624975118;-7432,253750248823
181,18114603805662;67911,14603805663
136,89438639624393;23624,386396243928
114,16301407969569;893,0140796956857
94,47129642637371;-13270,0
148,0642532863688;34794,253286368796
133,97057434039078;20700,574340390784
112,70382984533487;-566,1701546651348
115,79975202457824;2529,75202457824
139,8458210640342;26575,8210640342
102,12917337208434;-11140,826627915661
88,9601053270997;-13270,0
92,00104012562883;-13270,0
115,68075942613159;2410,759426131586
121,61946020721601;8349,460207216009
114,74285262125032;1472,852621250322
163,62188249546426;50351,88249546426
143,19334105072173;29923,341050721727
120,4717280709369;7201,728070936904
82,98842626455975;-13270,0
120,89665677302457;7626,656773024573
121,82840785938396;8558,407859383959
108,17068415284538;-5099,315847154618
88,73046007322333;-13270,0
200,4669104647155;87196,9104647155
149,0114708947224;35741,470894722406
138,30975196268685;25039,751962686845
102,73164292360215;-10538,357076397848
132,182976046035;18912,976046035008
113,80511300794134;535,1130079413433
63,209536700740486;-13270,0
117,92190403467882;4651,904034678817
76,94886448359804;-13270,0
145,9655109817306;32695,5109817306
91,49381483802907;-13270,0
94,83180644446783;-13270,0
109,04722953620487;-4222,770463795134
157,76624691159788;44496,246911597875
95,71466905081913;-13270,0
91,45970193021225;-13270,0
96,51573473975694;-13270,0
95,25170668601632;-13270,0
101,22643999267227;-12043,560007327731
94,72088854780813;-13270,0
121,64459104260035;8374,591042600354
125,25720996229263;11987,209962292636
134,0342709381352;20764,270938135196
71,14790678584545;-13270,0
132,04430802054043;18774,308020540426
89,4319378234642;-13270,0
84,83487862127332;-13270,0
96,74148908795169;-13270,0
88,49480654704574;-13270,0
122,01835480802372;8748,354808023716
96,91775913249508;-13270,0
96,78306120864278;-13270,0
145,71909028286177;32449,09028286177
109,45682906228531;-3813,170937714691
85,48256621381658;-13270,0
144,94820419716473;31678,204197164727
135,0513463970982;21781,346397098197
97,24809911515977;-13270,0
99,07004333465107;-13270,0
109,88101929694831;-3388,9807030516895
81,47385860234752;-13270,0
109,91107857984221;-3358,921420157789
91,07924678208892;-13270,0
135,4641740425546;22194,174042554587
102,95248510474873;-10317,514895251268
109,60876221057647;-3661,237789423527
77,10499587011029;-13270,0
70,40469842461795;-13270,0
92,96266233805125;-13270,0
108,52828011273144;-4741,719887268562
91,7327671549584;-13270,0
122,39763737295752;9127,637372957517
78,38637925231669;-13270,0
85,3004299710657;-13270,0
74,05830781811343;-13270,0
119,80897121641587;6538,97121641587
119,05866805361424;5788,668053614241
100,6709319512049;-12599,068048795094
80,35351374230049;-13270,0
109,75240877984209;-3517,591220157916
124,00155013361824;10731,550133618239
104,7542859984586;-8515,7140015414
129,85043525845703;16580,435258457026
121,71026570020487;8440,265700204873
124,47065376441562;11200,653764415616
77,88520070195854;-13270,0
99,12826139794156;-13270,0
105,62665992931464;-7643,340070685359
97,24767725018924;-13270,0
143,42004652505804;30150,04652505804
113,37481399326721;104,81399326721112
141,5904706611789;28320,4706611789
93,30279722615525;-13270,0
108,48162329434868;-4788,376705651321
110,45644935425538;-2813,550645744617
76,3718761044718;-13270,0
79,22670123281343;-13270,0
102,35176092311455;-10918,239076885446
123,65306598435184;10383,06598435184
108,47715820037807;-4792,841799621929
163,6378265522012;50367,82655220121
116,41315158180541;3143,1515818054067
110,00503287521066;-3264,9671247893402
123,71189156501856;10441,891565018563
120,96977329747027;7699,77329747027
103,4690704281329;-9800,929571867106
105,6114240145056;-7658,575985494398
112,01691588107306;-1253,0841189269395
104,07845413022274;-9191,545869777263
140,0472161432355;26777,21614323549
99,77217571966516;-13270,0
142,81387263314184;29543,872633141844
137,45177856269265;24181,77856269265
77,12046035377821;-13270,0
106,16420596761012;-7105,794032389885
84,46331975954074;-13270,0
139,6854193446056;26415,41934460561
81,22565489946818;-13270,0
144,6171600421392;31347,160042139207
95,35948657330732;-13270,0
108,97663049346792;-4293,369506532077
100,73812322772278;-12531,876772277219
98,57583872975142;-13270,0
127,95689082709475;14686,890827094754
92,886432988604;-13270,0
97,98697845066674;-13270,0
103,65744622595973;-9612,553774040269
115,27428332091318;2004,283320913184
130,90876068611297;17638,76068611297
137,32770100410823;24057,701004108232
109,12420849031186;-4145,7915096881425
111,84146742951367;-1428,5325704863299
146,6573393815539;33387,339381553895
74,5749725374966;-13270,0
93,95591596467357;-13270,0
98,66976849334608;-13270,0
118,94920677104575;5679,206771045752
110,61208411881312;-2657,9158811868856
63,307634867355;-13270,0
76,95606894038137;-13270,0
133,18276975073644;19912,769750736443
125,88584055962693;12615,84055962693
67,41300035357774;-13270,0
89,39320207351203;-13270,0
113,64724406618495;377,24406618495414
90,87367004144217;-13270,0
144,6314828389803;31361,4828389803
94,81241494860755;-13270,0
130,32586755393382;17055,86755393382
106,2000216974633;-7069,9783025367005
140,51875255905796;27248,75255905796
118,1757784403051;4905,778440305094
127,76934061851712;14499,340618517119
97,82200093903143;-13270,0
91,45789747812468;-13270,0
147,22726024238838;33957,26024238838
105,58541940453325;-7684,580595466745
102,60938494086798;-10660,615059132017
132,63471309451447;19364,713094514467
119,95541322262038;6685,41322262038
123,0570918761393;9787,091876139297
80,42424614322721;-13270,0
100,48743808768353;-12782,56191231647
120,98749634008227;7717,496340082274
107,94881154833556;-5321,188451664444
82,23799933840564;-13270,0
98,1416763109742;-13270,0
85,49594808473614;-13270,0
131,09358683577847;17823,586835778468
112,0399692141123;-1230,0307858876968
102,9479625646759;-10322,037435324095
115,79210819339887;2522,1081933988753
81,42434910759654;-13270,0
102,24708632342652;-11022,913676573484
90,06724321609492;-13270,0
107,79520590434839;-5474,794095651607
97,73884523093628;-13270,0
107,63327991323249;-5636,720086767515
119,96371064962617;6693,710649626166
130,80637442384565;17536,374423845653
109,07075935473172;-4199,240645268279
76,5705708440675;-13270,0
106,03637962790802;-7233,620372091981
92,32997946681752;-13270,0
139,5496153526782;26279,615352678185
91,5158137073473;-13270,0
111,05085008912991;-2219,14991087009
98,6589498648582;-13270,0
157,45759001905623;44187,590019056224
117,09221325642787;3822,213256427869
91,38296218450749;-13270,0
89,26026191495352;-13270,0
146,94863787527987;33678,63787527987
116,55208709099671;3282,087090996709
84,27348635156581;-13270,0
107,53853460694233;-5731,465393057665
108,93814630598293;-4331,853694017074
110,11122133245672;-3158,778667543278
130,5492670196766;17279,26701967659
126,96384231879622;13693,842318796225
132,75319424558003;19483,194245580034
129,19808456238812;15928,084562388118
86,5376902499776;-13270,0
91,70426562636416;-13270,0
99,823675816048;-13270,0
147,31433106028763;34044,33106028763
101,69355222084752;-11576,447779152479
108,8478747996137;-4422,125200386294
113,30221190335321;32,2119033532108
95,08152497849208;-13270,0
104,60870905840845;-8661,29094159155
131,31680100236892;18046,80100236892
149,0253881147894;35755,38811478939
118,72603159990554;5456,031599905538
115,2324657560977;1962,4657560976957
145,2826022821422;32012,602282142194
123,4615235942889;10191,523594288905
114,39713700267117;1127,137002671172
89,25519435158064;-13270,0
91,93745188425608;-13270,0
167,00662198880133;53736,62198880133
124,74648990811998;11476,489908119984
113,36859540240754;98,59540240753631
100,50554709348312;-12764,452906516884
139,87784630278014;26607,84630278014
120,20727199699299;6937,271996992986
92,74062634626264;-13270,0
85,5695572162549;-13270,0
75,48384366425384;-13270,0
117,73551602919281;4465,516029192808
82,26679746360671;-13270,0
85,06384657100125;-13270,0
112,68127971135146;-588,7202886485356
159,38030502337242;46110,30502337241
143,05570276587406;29785,702765874063
146,87750887454817;33607,50887454817
125,106108398184;11836,108398184006
99,46313340284011;-13270,0
139,51678010656903;26246,78010656903
175,29315301657124;62023,15301657123
95,53284397690415;-13270,0
87,45093246998434;-13270,0
100,04189432158752;-13228,10567841248
64,15221355360396;-13270,0
133,35224899232128;20082,248992321278
118,4973320819117;5227,3320819116925
131,95421801321072;18684,21801321072
162,41218552938216;49142,18552938216
110,01167942369092;-3258,320576309079
100,31476460852701;-12955,235391472987
115,68510965832569;2415,109658325686
114,75223940737507;1482,239407375071
124,6441843867072;11374,184386707195
132,03418951436925;18764,189514369245
119,23319224120603;5963,192241206027
136,49464975228545;23224,649752285455
87,1470447574365;-13270,0
86,13983000606275;-13270,0
142,51664108862272;29246,641088622717
157,66990464836422;44399,90464836422
118,21502895705387;4945,0289570538735
126,07965938248107;12809,65938248107
125,95018333204808;12680,183332048084
112,35647901070965;-913,5209892903513
113,851642855976;581,6428559759952
159,5212265950464;46251,226595046384
104,62358710921382;-8646,412890786185
96,03461913086832;-13270,0
104,48863512487199;-8781,364875128009
122,4026847564909;9132,6847564909
98,09592967124821;-13270,0
113,10536216323696;-164,63783676303865
132,98837352782783;19718,373527827833
99,22049458955162;-13270,0
103,07673345982545;-10193,266540174553
65,80429692056896;-13270,0
124,35443867973707;11084,438679737072
119,9805415798086;6710,541579808603
135,77833426116246;22508,334261162454
175,83922041433632;62569,22041433632
160,95814040706523;47688,14040706523
111,18946236795301;-2080,5376320469877
77,0010145128979;-13270,0
79,50765262932504;-13270,0
114,56799313191914;1297,9931319191382
132,63298587137933;19362,985871379333
123,41224876106496;10142,248761064959
88,66444616061159;-13270,0
107,49466332460564;-5775,336675394361
101,05006576687543;-12219,934233124566
73,41053613029676;-13270,0
88,16288785482296;-13270,0
93,6049862908371;-13270,0
116,69631508683977;3426,315086839775
115,22331353065493;1953,3135306549339
84,05195248599799;-13270,0
91,75015991021408;-13270,0
102,41596046491735;-10854,039535082653
78,74560256654749;-13270,0
99,17696988510693;-13270,0
74,75708705455786;-13270,0
81,85843917862424;-13270,0
108,64911117006248;-4620,888829937518
96,42595573864888;-13270,0
120,6433445109571;7373,344510957108
109,25053009639929;-4019,4699036007114
79,99337787122265;-13270,0
165,9277341804549;52657,73418045491
104,4351433548908;-8834,856645109201
87,46799247317105;-13270,0
126,21855610955998;12948,556109559984
87,66262223708769;-13270,0
106,07109509566821;-7198,904904331787
81,58976675635557;-13270,0
105,6913178927021;-7578,682107297898
116,43592187155367;3165,9218715536736
144,3212845119533;31051,28451195331
101,61568385275392;-11654,316147246082
86,84756670502361;-13270,0
105,47736084256876;-7792,639157431243
127,85890795216422;14588,907952164216
109,75246019986879;-3517,539800131208
170,283242824343;57013,242824343004
106,84330520392875;-6426,69479607125
123,3578715926418;10087,8715926418
90,59863331136212;-13270,0
77,39775640158946;-13270,0
97,37698964587491;-13270,0
92,10656992866193;-13270,0
123,74523877982062;10475,238779820625
151,42277692209345;38152,77692209345
94,00275349377301;-13270,0
105,91042609900224;-7359,573900997763
159,3532039983097;46083,203998309706
99,51462239814312;-13270,0
101,01750809725813;-12252,491902741871
117,78117940217967;4511,179402179674
109,32244036811495;-3947,5596318850457
84,52033437937021;-13270,0
132,9409427058621;19670,942705862115
118,68501738427058;5415,017384270581
100,6688536153822;-12601,146384617796
113,88932592945658;619,325929456576
96,66520314437707;-13270,0
123,90571351834335;10635,713518343346
119,79822169303867;6528,221693038671
89,00131212222408;-13270,0
75,2016807413727;-13270,0
99,97346040540684;-13270,0
133,9763606963889;20706,360696388896
88,35917836634839;-13270,0
99,2002628093213;-13270,0
91,28142030602584;-13270,0
99,59128345747172;-13270,0
125,97720645463653;12707,206454636529
97,01392075835057;-13270,0
113,85734001405083;587,3400140508347
121,31445171004498;8044,4517100449775
129,0679110311332;15797,911031133208
121,09331961541369;7823,3196154136895
95,25654327282152;-13270,0
133,69021233612247;20420,212336122473
96,72509103518348;-13270,0
104,40292692423023;-8867,073075769771
91,57308823961797;-13270,0
113,97052569077898;700,5256907789844
82,91919820259001;-13270,0
94,20065420841016;-13270,0
83,73878425501691;-13270,0
129,76006057179336;16490,06057179336
96,39506678162607;-13270,0
120,71370375179136;7443,703751791356
99,46746764615429;-13270,0
131,16969376861866;17899,693768618657
108,34266086352571;-4927,339136474291
94,88462164821429;-13270,0
105,24519334370478;-8024,806656295215
108,44914334732145;-4820,856652678547
112,64090567956929;-629,0943204307132
118,26516627385404;4995,166273854036
100,72911824620476;-12540,881753795236
83,84414174793076;-13270,0
128,1722462925652;14902,246292565207
98,14866172365618;-13270,0
111,46821689048114;-1801,7831095188558
84,04889863596055;-13270,0
99,64345700088096;-13270,0
96,04080708011638;-13270,0
94,56960880455814;-13270,0
95,14144043906757;-13270,0
87,33125709955625;-13270,0
77,81560858990998;-13270,0
140,05892200087905;26788,92200087905
101,10642393772737;-12163,57606227263
114,26343279064493;993,4327906449271
113,55167104089003;281,67104089002896
100,39646570294059;-12873,534297059412
129,48272593421095;16212,725934210946
96,57902017259396;-13270,0
77,95304211790706;-13270,0
85,96016751144242;-13270,0
145,00227914589638;31732,279145896384
126,20440222724953;12934,402227249531
144,73428803312737;31464,28803312737
119,1181965435014;5848,196543501399
85,82759019652431;-13270,0
134,34251608765456;21072,516087654556
135,82724062460267;22557,240624602666
93,00532932917714;-13270,0
116,08868860762796;2818,688607627959
142,80586477885012;29535,86477885012
118,21134199463232;4941,341994632319
101,16144765506232;-12108,552344937681
113,21326522253956;-56,734777460438636
140,63065109535665;27360,651095356654
113,43799822410831;167,99822410831257
87,18871420576447;-13270,0
89,82152927644519;-13270,0
111,45388921518267;-1816,1107848173306
104,3757198814363;-8894,280118563704
125,65688693552526;12386,886935525265
100,19544993175202;-13074,550068247976
87,8452064297788;-13270,0
132,641485276324;19371,485276324005
114,55223842962154;1282,2384296215387
120,01578063512315;6745,780635123148
134,77867192896446;21508,671928964453
95,63787460125528;-13270,0
101,9926716150161;-11277,328384983894
106,43346669398672;-6836,533306013283
106,77280180252457;-6497,198197475431
100,65061962068098;-12619,380379319015
98,87673564017653;-13270,0
141,96437881761645;28694,378817616453
112,66593243986893;-604,0675601310759
133,95435631511313;20684,35631511313
84,50597436983045;-13270,0
142,83705556537967;29567,05556537967
85,4453573155281;-13270,0
92,01512220351643;-13270,0
108,93086647967398;-4339,133520326019
91,07840920294464;-13270,0
112,88369679806198;-386,30320193802436
102,61714707574858;-10652,852924251423
101,41086583602493;-11859,134163975075
68,81423035858914;-13270,0
75,63226071982461;-13270,0
121,18221825354367;7912,218253543666
101,67963788858674;-11590,36211141326
148,45838432032596;35188,38432032596
112,50704375462107;-762,9562453789349
82,00823655502494;-13270,0
83,31689454537658;-13270,0
130,27270291043675;17002,70291043675
100,98577538489349;-12284,224615106514
116,14764155265674;2877,641552656736
111,56798144075577;-1702,0185592442267
163,79348677853076;50523,486778530765
103,97432116242523;-9295,678837574773
140,5415139070187;27271,5139070187
144,83768722350956;31567,687223509565
100,68627514005053;-12583,724859949474
117,25011478702238;3980,114787022383
82,0118040673262;-13270,0
126,15546835384754;12885,46835384754
100,81768848091205;-12452,311519087947
121,31476340610396;8044,763406103964
124,12785006497198;10857,850064971979
121,20363148024704;7933,631480247041
104,19160601705013;-9078,393982949867
126,20624544717845;12936,245447178448
96,63970070404001;-13270,0
125,60171341733212;12331,713417332121
120,07741055220175;6807,410552201756
95,54445536093284;-13270,0
130,25616472425202;16986,164724252016
128,89572545643978;15625,725456439777
126,38695623355633;13116,956233556331
84,2070629678633;-13270,0
96,23308915193584;-13270,0
97,48289990434816;-13270,0
89,28376853337514;-13270,0
119,6324629980049;6362,462998004896
127,88971844298887;14619,718442988866
106,63527649028507;-6634,723509714935
100,15759076189343;-13112,40923810657
99,1275101716442;-13270,0
163,76254712742144;50492,54712742144
93,88787458276964;-13270,0
110,72377133246916;-2546,228667530844
104,87275849578094;-8397,241504219057
143,57255119972285;30302,551199722853
118,43593413536901;5165,934135369011
98,9701791332356;-13270,0
83,35978099516836;-13270,0
96,62636992530157;-13270,0
99,89479529779666;-13270,0
85,59490208430435;-13270,0
94,49686621869508;-13270,0
97,66574029342621;-13270,0
91,02014691715723;-13270,0
130,23345643608627;16963,45643608627
112,50377745414599;-766,2225458540106
81,25481693677715;-13270,0
103,89183325923983;-9378,166740760169
144,70340828744958;31433,40828744958
90,72959224602396;-13270,0
121,00091854804916;7730,918548049158
101,23953395732342;-12030,466042676584
108,47171415121417;-4798,285848785828
113,0526760843457;-217,32391565429498
119,25209599914479;5982,095999144785
144,70197031512743;31431,970315127423
122,42508869340443;9155,088693404432
127,57151881485807;14301,518814858067
132,01827415571904;18748,274155719042
84,10869238279497;-13270,0
111,5539555191896;-1716,0444808104003
116,18482449031495;2914,8244903149516
100,66072210931081;-12609,277890689189
85,40380072354253;-13270,0
84,99372554847395;-13270,0
80,82630256128687;-13270,0
92,93429053367063;-13270,0
121,94579545328634;8675,795453286337
106,16871378313097;-7101,286216869032
81,97051861273357;-13270,0
98,44197342643042;-13270,0
113,79905962394822;529,0596239482238
87,05369890153536;-13270,0
157,89769301231132;44627,69301231132
123,5695239638595;10299,523963859494
137,57503658144094;24305,036581440938
139,85273242115107;26582,73242115107
151,73487674269552;38464,87674269552
164,75027854579665;51480,278545796646
125,04802861873021;11778,028618730215
75,10806392777053;-13270,0
111,6844161696342;-1585,5838303657965
117,33105029091497;4061,0502909149727
110,03949452927229;-3230,5054707277104
88,90792352792867;-13270,0
87,38406610109278;-13270,0
137,38477560699152;24114,775606991527
104,96465841907568;-8305,341580924323
72,98846131818985;-13270,0
85,54616049572743;-13270,0
124,577376196485;11307,376196485005
138,26025626935785;24990,25626935785
98,20203589201489;-13270,0
166,18623762109794;52916,23762109794
114,3187889599728;1048,788959972806
89,87982507610265;-13270,0
104,47839167947225;-8791,608320527746
113,30740253549104;37,40253549103545
88,88024196724234;-13270,0
108,99563977290512;-4274,360227094878
65,67615653775492;-13270,0
131,6786136383785;18408,613638378494
106,41824832244376;-6851,751677556241
95,75826476866428;-13270,0
105,48121293905757;-7788,78706094243
126,36752879695399;13097,52879695399
119,79389870591852;6523,898705918524
129,18248064797885;15912,48064797885
102,76458769491425;-10505,412305085745
99,68945168762885;-13270,0
122,58206270472873;9312,062704728727
69,44718476309694;-13270,0
134,462291006103;21192,291006102983
83,04029727485455;-13270,0
79,77305066604384;-13270,0
86,35173853923143;-13270,0
82,29576271008551;-13270,0
92,18473046003128;-13270,0
106,08128649495352;-7188,713505046483
60,23907502252194;-13270,0
115,38036519588888;2110,365195888884
107,95270417395912;-5317,2958260408805
131,348089032551;18078,089032551
113,14107510563596;-128,92489436403775
133,50482058036735;20234,820580367348
171,55023741461562;58280,23741461562
106,20798790940624;-7062,012090593758
150,15346904468305;36883,46904468305
111,20703232189516;-2062,967678104844
97,90598818960628;-13270,0
117,0391166232564;3769,1166232564065
116,48781222286924;3217,8122228692373
118,48221725341506;5212,2172534150595
112,00915508325058;-1260,8449167494236
107,58227210680293;-5687,727893197068
93,82985463904;-13270,0
118,68394556505044;5413,945565050435
79,59883847869193;-13270,0
91,8200944798248;-13270,0
137,44456553465525;24174,565534655252
88,20443351365125;-13270,0
87,07754537136809;-13270,0
110,67917909373688;-2590,820906263123
180,48549972982107;67215,49972982107
110,92617227020551;-2343,827729794488
138,13213036558136;24862,13036558136
60,30007177483896;-13270,0
124,86300237406272;11593,002374062715
134,2472988465196;20977,29884651961
125,93855657503235;12668,556575032351
118,15778253596207;4887,782535962069
101,47461044784013;-11795,389552159864
128,43803865026246;15168,038650262457
115,89853787503293;2628,537875032929
91,47897354982916;-13270,0
95,61275381245287;-13270,0
109,90371672803352;-3366,283271966484
88,98555340795154;-13270,0
77,85961984792944;-13270,0
121,44375387843196;8173,753878431962
92,55156429263064;-13270,0
97,28331751277805;-13270,0
93,76165839177813;-13270,0
104,83393301134734;-8436,06698865266
119,58178521362164;6311,7852136216425
74,33839640723102;-13270,0
139,32691242271363;26056,912422713634
136,10381135913696;22833,811359136955
98,10891251284481;-13270,0
78,95793727492223;-13270,0
157,75111163814879;44481,11163814879
94,3344941800485;-13270,0
114,51049355429366;1240,49355429366
105,38563124625988;-7884,368753740124
129,69195571168783;16421,955711687824
121,48660554631654;8216,60554631654
102,02825270241985;-11241,747297580152
89,42701399795322;-13270,0
139,23909579100643;25969,09579100643
134,0333896723924;20763,38967239239
161,2543797002396;47984,37970023961
94,57352612512165;-13270,0
106,82046745695155;-6449,532543048453
115,82815164747618;2558,1516474761756
95,48957424503874;-13270,0
65,41499034828058;-13270,0
94,55515166140114;-13270,0
111,38496040136651;-1885,039598633488
128,64267016931663;15372,670169316632
146,35554893659796;33085,54893659795
121,97640182626411;8706,401826264108
112,7343797015197;-535,6202984803003
108,7253587543276;-4544,641245672399
123,18471447609205;9914,714476092053
114,36029086214336;1090,290862143358
106,87971855791794;-6390,2814420820605
167,71454802424526;54444,54802424526
116,59325957860925;3323,2595786092497
90,1678016280745;-13270,0
88,68144391148023;-13270,0
113,72456818771784;454,5681877178358
75,99413824948874;-13270,0
100,31756542319528;-12952,434576804724
97,0852357169556;-13270,0
108,20010357738784;-5069,896422612164
82,92172874368245;-13270,0
120,40593282891847;7135,932828918467
142,63570635655898;29365,706356558985
123,40438963823969;10134,389638239692
129,95447164464719;16684,471644647187
124,35997933403013;11089,97933403013
89,4798888551481;-13270,0
96,75869405955854;-13270,0
106,98958486660821;-6280,415133391788
100,90410584285141;-12365,894157148592
114,00156540411623;731,5654041162343
145,31637662573672;32046,376625736724
107,35779074504902;-5912,209254950984
111,75479329613012;-1515,2067038698824
111,34871885734358;-1921,2811426564149
79,5352638401019;-13270,0
98,38739672137436;-13270,0
86,69335836930074;-13270,0
82,12591915001738;-13270,0
105,45367167806059;-7816,3283219394125
82,13887135419378;-13270,0
79,5370693520291;-13270,0
124,4190424190192;11149,042419019206
105,30106739920011;-7968,9326007998925
86,61858280956912;-13270,0
106,76713345508695;-6502,866544913051
132,6555630538233;19385,5630538233
117,95059076451555;4680,590764515553
78,51840880901828;-13270,0
106,82534173883163;-6444,658261168375
100,9491173317239;-12320,882668276103
128,48589839101456;15215,898391014558
90,49358068883426;-13270,0
144,8241476791055;31554,147679105496
159,73540726411457;46465,40726411457
134,33636615486134;21066,366154861338
99,32501051744173;-13270,0
82,9896628156492;-13270,0
134,5920816407864;21322,081640786404
100,87930912431915;-12390,69087568085
89,27475902952061;-13270,0
132,53404001943105;19264,040019431046
144,5237789149414;31253,778914941402
124,06717861358831;10797,178613588312
108,41941637094796;-4850,583629052044
92,14827846287619;-13270,0
107,46585786409453;-5804,142135905469
118,54238531527794;5272,385315277941
90,47465392654831;-13270,0
101,22336510722091;-12046,634892779086
119,89134392609573;6621,3439260957275
80,12387244379181;-13270,0
152,3519987045273;39081,99870452729
151,02415023372888;37754,15023372888
104,45772891800121;-8812,271081998791
104,94249897835972;-8327,501021640277
96,26115535113082;-13270,0
94,45212479848625;-13270,0
107,41463226120067;-5855,367738799334
92,39142422952544;-13270,0
93,92254728867529;-13270,0
131,35051172947666;18080,511729476664
131,61648859033147;18346,48859033147
105,8553364967867;-7414,6635032132945
145,5416708313746;32271,670831374606
113,99609665167199;726,0966516719909
81,21966602779437;-13270,0
93,82821735883596;-13270,0
92,58353363668533;-13270,0
117,67378774680073;4403,787746800728
125,3743927947133;12104,392794713302
129,03883578539816;15768,835785398162
109,52025260751176;-3749,747392488236
146,112959979626;32842,959979626
124,461595382512;11191,595382512001
98,354227580203;-13270,0
107,81421219116886;-5455,787808831136
110,54555726951403;-2724,4427304859655
160,18882958532006;46918,82958532006
121,85445869602762;8584,458696027621
79,7495219434583;-13270,0
119,11535824951316;5845,358249513163
101,28120188311638;-11988,79811688362
130,26620518236297;16996,205182362966
120,41907545999233;7149,0754599923275
93,51599559946993;-13270,0
94,85136052049212;-13270,0
106,19812197727936;-7071,8780227206435
99,42535572381573;-13270,0
137,73624876934616;24466,24876934616
106,4552863080493;-6814,713691950705
111,1001500539034;-2169,849946096594
121,20239396352966;7932,393963529659
87,0761566856044;-13270,0
119,54167725694838;6271,677256948376
97,81171352088242;-13270,0
96,58428675887781;-13270,0
89,63764936277711;-13270,0
155,5787429983895;42308,74299838948
107,83191040273516;-5438,089597264839
109,19101500259532;-4078,9849974046792
109,32896289151223;-3941,037108487766
93,30709331616501;-13270,0
82,92095225283023;-13270,0
93,63413172142917;-13270,0
91,3673675484863;-13270,0
136,39030618598835;23120,306185988353
126,89227506675238;13622,275066752376
105,31164422390684;-7958,355776093161
116,7898112006618;3519,811200661803
119,57501474263907;6305,014742639069
88,27677594352413;-13270,0
144,8781897754724;31608,189775472405
95,93301782273731;-13270,0
128,17775235502782;14907,75235502782
101,68093627961912;-11589,063720380882
75,01207374503083;-13270,0
121,30539376273701;8035,393762737011
113,82979594298175;559,7959429817474
111,51061740353121;-1759,3825964687858
95,0396144637701;-13270,0
114,59728334109582;1327,2833410958174
115,98052205614874;2710,522056148744
108,0213958557113;-5248,604144288695
115,54438296953388;2274,3829695338845
98,43971147149551;-13270,0
121,54924734117279;8279,247341172788
86,30235490060542;-13270,0
96,79928632689484;-13270,0
117,60978676808793;4339,786768087928
152,00383991304096;38733,83991304096
121,00557187223666;7735,571872236658
122,57846829881917;9308,468298819174
95,8438749279064;-13270,0
111,39735432038829;-1872,6456796117109
98,14330660712822;-13270,0
128,6616547356148;15391,654735614804
110,29618002635111;-2973,8199736488914
97,61963337058296;-13270,0
128,49878527301962;15228,785273019621
116,70605225286359;3436,0522528635847
89,70539889226497;-13270,0
148,89972560116598;35629,725601165985
131,03239171170281;17762,391711702814
136,08068202683745;22810,68202683745
90,95645005641244;-13270,0
159,9080766657079;46638,07666570791
153,7028173353807;40432,8173353807
73,46978627419092;-13270,0
74,44991056733664;-13270,0
90,61340417157098;-13270,0
64,48190859464196;-13270,0
109,42759998368405;-3842,4000163159526
156,78886307872557;43518,86307872557
115,89851177131916;2628,511771319165
126,7910222073372;13521,022207337206
134,78935843439373;21519,358434393733
86,80904599925951;-13270,0
90,55152015071471;-13270,0
100,24993572419818;-13020,064275801818
98,3596723133689;-13270,0
118,09150789685188;4821,507896851879
94,25138452161849;-13270,0
108,34029891095444;-4929,701089045555
128,0854344756222;14815,434475622209
93,94628457618424;-13270,0
136,08471605816865;22814,716058168655
105,6527493080754;-7617,2506919246
123,38564784323091;10115,647843230912
87,20298063548456;-13270,0
108,98400141708062;-4285,998582919379
139,35559831388343;26085,598313883434
112,05938345593623;-1210,6165440637724
106,81634931338215;-6453,650686617852
98,52510042704866;-13270,0
138,91672091257334;25646,720912573343
81,55878830231232;-13270,0
126,75621947422661;13486,219474226611
174,9108866479911;61640,88664799111
109,7540057251155;-3515,994274884495
96,59382029524303;-13270,0
119,11922706520552;5849,227065205523
112,80120050373957;-468,79949626043526
130,10782604655438;16837,82604655438
111,81368994837165;-1456,310051628354
72,25069652153685;-13270,0
101,79273814913275;-11477,261850867255
120,7758533521721;7505,853352172107
123,97746349146254;10707,463491462542
103,68424531174776;-9585,75468825224
138,2388769210419;24968,876921041905
86,09744606609219;-13270,0
103,3149853455236;-9955,014654476405
83,77029635233846;-13270,0
137,1554709881591;23885,470988159097
103,71915377413474;-9550,846225865262
114,71608767917687;1446,087679176866
103,34600142282375;-9923,998577176253
108,4227494229884;-4847,250577011597
64,73350361862504;-13270,0
115,7061568595723;2436,156859572304
102,57014597540832;-10699,854024591677
108,77606407498462;-4493,935925015383
100,92284418020658;-12347,15581979342
90,68062078853774;-13270,0
101,97206499142766;-11297,935008572342
102,70946240655509;-10560,53759344491
111,68280003940056;-1587,1999605994388
76,67031224942689;-13270,0
129,26599615768316;15995,996157683163
111,99558462228978;-1274,4153777102165
132,71520561650593;19445,205616505926
112,21044773591564;-1059,5522640843628
116,75851660292433;3488,51660292433
131,68483846907344;18414,838469073442
89,64575084614172;-13270,0
109,94898952074885;-3321,0104792511465
93,22196386982327;-13270,0
75,52908291511915;-13270,0
106,11575712932941;-7154,2428706705905
100,49416843698089;-12775,831563019114
97,53177086539809;-13270,0
86,86273583627766;-13270,0
98,19511022033063;-13270,0
86,00233456356217;-13270,0
116,82689569794083;3556,8956979408285
161,00883704653018;47738,83704653018
122,11444856762694;8844,448567626936
128,33432546823903;15064,325468239029
78,32915342339192;-13270,0
71,07591457870784;-13270,0
117,02766672471445;3757,6667247144505
145,02215924371185;31752,159243711852
133,8154984084007;20545,498408400716
96,50770534076592;-13270,0
105,06810381572677;-8201,896184273228
100,8294280596383;-12440,571940361697
99,42729367799865;-13270,0
125,03506468337086;11765,064683370863
125,71665404091348;12446,654040913483
107,11254872845063;-6157,4512715493665
96,32813244353106;-13270,0
127,14494222081483;13874,942220814828
73,66265451356145;-13270,0
96,03221598689731;-13270,0
82,15075092358258;-13270,0
161,79408157129228;48524,08157129228
95,73695575454563;-13270,0
82,4696383617092;-13270,0
138,4545286589215;25184,528658921503
72,21986768348272;-13270,0
105,9905411329585;-7279,458867041502
116,54116030796811;3271,1603079681117
130,88395482278966;17613,954822789663
143,1779396840429;29907,93968404291
74,75098122882106;-13270,0
69,70640266160214;-13270,0
107,13702196201098;-6132,9780379890235
125,51581572362176;12245,815723621756
81,58720306547787;-13270,0
97,6353682834467;-13270,0
88,66546304046258;-13270,0
99,01662965783224;-13270,0
101,74938176785729;-11520,618232142713
130,40113887974107;17131,13887974107
100,51634715027731;-12753,652849722688
131,12015263818307;17850,15263818307
103,09074895753447;-10179,251042465527
90,91428288340289;-13270,0
98,6264046562727;-13270,0
92,09351130171288;-13270,0
100,21031424735946;-13059,685752640537
130,86874365539342;17598,743655393417
103,75089200966879;-9519,107990331211
120,33686630023963;7066,866300239635
127,06309462482805;13793,094624828052
89,30701510792375;-13270,0
88,93068382103431;-13270,0
75,75808824889087;-13270,0
103,80866208206668;-9461,337917933324
105,36751238186095;-7902,487618139052
103,47051666625033;-9799,483333749668
74,98211255510807;-13270,0
95,85066663314784;-13270,0
97,40454073683146;-13270,0
81,47565892846643;-13270,0
108,98788672637521;-4282,113273624791
88,64687528685596;-13270,0
109,20160285130575;-4068,39714869425
97,25437841414958;-13270,0
132,54582044439945;19275,820444399455
101,64565815728388;-11624,341842716123
99,38725258295366;-13270,0
99,56519177507039;-13270,0
153,0600707595057;39790,07075950569
113,28706265654776;17,062656547761435
97,48817797087318;-13270,0
137,68682465655252;24416,82465655252
116,62219415965178;3352,1941596517827
110,4518865329097;-2818,113467090303
131,7629549089007;18492,954908900694
57,70550555531956;-13270,0
93,47015249759629;-13270,0
108,51868605060663;-4751,313949393367
123,43042902549108;10160,429025491081
107,21586576121227;-6054,134238787729
83,15255115005664;-13270,0
97,87301569008436;-13270,0
106,2966745558123;-6973,325444187698
112,54088527397211;-729,1147260278922
78,62330601738978;-13270,0
60,553574642926634;-13270,0
88,88833341572267;-13270,0
160,2496852934467;46979,6852934467
77,75148015194307;-13270,0
95,23046504356594;-13270,0
91,55198087131964;-13270,0
129,43666668314674;16166,666683146741
100,6797902674377;-12590,209732562304
108,92164996834641;-4348,350031653585
92,58852539844607;-13270,0
80,37904235614144;-13270,0
91,64624079841673;-13270,0
95,0956947049623;-13270,0
146,2647744154109;32994,774415410895
95,42912742912416;-13270,0
138,40235419127424;25132,354191274244
105,3543875956356;-7915,6124043643995
119,04049298936054;5770,492989360544
154,19607823941783;40926,07823941783
178,18479017130846;64914,79017130846
127,31675070130738;14046,750701307385
106,14445890565376;-7125,541094346237
107,14024966298948;-6129,750337010524
120,76630274838034;7496,302748380342
115,20513895668162;1935,1389566816233
112,78757285927841;-482,4271407215874
112,11845904815159;-1151,5409518484066
119,54445746035644;6274,45746035644
111,95809465760365;-1311,905342396347
135,66668949625483;22396,689496254832
85,9752253735345;-13270,0
97,19636240128959;-13270,0
135,12368552346697;21853,68552346698
100,50067796027726;-12769,322039722741
95,63378066255895;-13270,0
75,8846820732969;-13270,0
75,69393803851668;-13270,0
89,88281614569173;-13270,0
88,12377006289195;-13270,0
120,110682093771;6840,682093771004
89,41980370773057;-13270,0
112,27720655823714;-992,7934417628603
100,83187591186933;-12438,124088130668
148,62201299782453;35352,012997824524
116,35188852813963;3081,888528139625
114,44817908984454;1178,1790898445433
110,1755583115003;-3094,4416884997045
70,4975422918374;-13270,0
120,56777689151855;7297,776891518548
91,54327064506671;-13270,0
92,35908467527697;-13270,0
164,25512321727237;50985,12321727237
95,44858191123963;-13270,0
152,1622958606868;38892,29586068681
101,4690148231001;-11800,985176899903
83,46520955237006;-13270,0
182,26891687714746;68998,91687714747
91,40283099807944;-13270,0
96,49111135253352;-13270,0
96,39637571301384;-13270,0
98,32084960498015;-13270,0
112,54385680467576;-726,1431953242445
95,38922486936254;-13270,0
127,81431588267782;14544,315882677816
139,40941571242513;26139,41571242513
95,91483796401805;-13270,0
118,36925103937294;5099,251039372939
80,29418755117642;-13270,0
103,16927604145746;-10100,723958542534
98,78175377212067;-13270,0
81,9281357762069;-13270,0
152,66871675247913;39398,71675247913
105,60822839425835;-7661,771605741653
104,78223865911534;-8487,761340884663
141,6322559295103;28362,255929510306
129,2062547363434;15936,254736343395
122,53816420315229;9268,164203152293
101,9059246014893;-11364,075398510697
91,87304008727659;-13270,0
129,61239442673818;16342,394426738178
136,21791509969395;22947,915099693957
151,59487739338186;38324,87739338187
74,49339934656128;-13270,0
108,85274766063169;-4417,252339368308
143,53844288409945;30268,44288409945
102,27682164945568;-10993,178350544316
137,18652191190816;23916,52191190816
120,76618176067566;7496,181760675663
161,3469115560231;48076,911556023086
136,9485754540818;23678,5754540818
130,4594210876007;17189,421087600702
124,75525949517443;11485,259495174429
97,45309825055924;-13270,0
116,78582545811376;3515,8254581137626
108,42878054452505;-4841,219455474946
103,11304774134666;-10156,952258653339
108,32111480670117;-4948,8851932988255
87,00964096883763;-13270,0
63,956292741018714;-13270,0
122,99698562218968;9726,985622189684
126,03130634717392;12761,306347173922
141,03605492264032;27766,054922640316
65,67219933812147;-13270,0
99,94158183661638;-13270,0
72,13203888684698;-13270,0
69,44718042778612;-13270,0
132,01553901289512;18745,53901289512
96,07362357393224;-13270,0
95,49821113771294;-13270,0
104,47888094242388;-8791,119057576114
119,45503443724124;6185,034437241236
112,23017361157935;-1039,8263884206535
119,9588443570534;6688,844357053393
123,86211397229734;10592,113972297338
82,28901392233739;-13270,0
96,95082117310257;-13270,0
104,06251825861293;-9207,481741387073
115,0864318993452;1816,4318993451998
100,76052429335792;-12509,475706642083
115,62924088643062;2359,2408864306217
163,2052850456791;49935,28504567909
108,18104555387164;-5088,9544461283585
121,48197255282591;8211,972552825908
107,07490562496137;-6195,094375038626
137,03502935892368;23765,029358923683
96,39587174533409;-13270,0
109,2837732709489;-3986,226729051101
109,85580697847261;-3414,193021527386
115,6819329749692;2411,9329749692006
101,18754625180577;-12082,45374819423
102,25406701402657;-11015,932985973424
83,44968725457299;-13270,0
105,64437234995574;-7625,627650044255
95,85891615126134;-13270,0
106,50213315938521;-6767,86684061479
125,40686039811644;12136,860398116434
108,84122305828558;-4428,776941714421
108,42069448341158;-4849,30551658842
87,41417214389689;-13270,0
86,7773937968193;-13270,0
96,82369363271225;-13270,0
120,68844689501586;7418,446895015859
82,94383289120634;-13270,0
116,02138872646728;2751,3887264672794
101,91188106342246;-11358,118936577544
105,1811602904772;-8088,839709522806
70,20208624958345;-13270,0
77,41485411773999;-13270,0
103,79170460364091;-9478,295396359092
118,42313197712515;5153,131977125151
109,44868048298669;-3821,3195170133113
91,01832308921286;-13270,0
86,73309566185581;-13270,0
154,49359438695527;41223,594386955265
119,66649319717027;6396,493197170268
111,7227188833071;-1547,281116692904
87,85550059387856;-13270,0
168,04955825520824;54779,558255208234
87,21838088938729;-13270,0
114,92126739061676;1651,267390616762
91,60357102302348;-13270,0
119,03559627920077;5765,596279200774
110,3365429050115;-2933,457094988502
101,21492757498875;-12055,07242501125
116,59288440961393;3322,884409613929
95,19620298904502;-13270,0
104,05320965939107;-9216,790340608928
119,90337318404207;6633,373184042066
84,58396798311527;-13270,0
95,74877817612835;-13270,0
106,17734071004239;-7092,6592899576135
139,77203813525153;26502,038135251532
143,94981663912546;30679,816639125456
170,35987189196504;57089,87189196504
166,3861911739304;53116,191173930405
82,00694433629958;-13270,0
111,27705048922732;-1992,9495107726798
75,4954648612954;-13270,0
124,822904212754;11552,904212753998
98,79142228842736;-13270,0
94,5011255605028;-13270,0
108,985329934409;-4284,6700655910045
109,66547813488292;-3604,5218651170817
127,11157193822362;13841,57193822362
113,04862698433354;-221,37301566646238
74,41690136160769;-13270,0
125,0435010828998;11773,501082899795
103,49906821104437;-9770,931788955626
122,47733456217959;9207,334562179592
128,45892512290916;15188,925122909164
102,6994220855747;-10570,577914425303
90,09021098218133;-13270,0
86,93810092891992;-13270,0
62,182697660430264;-13270,0
74,88587683751949;-13270,0
108,14624293003317;-5123,757069966832
122,59761137649822;9327,611376498222
146,58207713220804;33312,07713220804
108,69597293736825;-4574,027062631747
97,58826217259558;-13270,0
108,50101785669727;-4768,982143302726
111,02580533845384;-2244,194661546164
86,45015652399547;-13270,0
134,49560232050354;21225,602320503538
141,43391261918103;28163,91261918103
102,79410740894068;-10475,892591059324
144,40675048554314;31136,75048554314
76,92701027913067;-13270,0
94,70874415423496;-13270,0
140,9884947982844;27718,494798284395
94,79186559780814;-13270,0
115,57431691266473;2304,316912664728
83,695328493145;-13270,0
162,1737544762836;48903,75447628359
125,76682664211474;12496,826642114738
81,21025315470368;-13270,0
122,19376905739689;8923,769057396894
111,65960419429821;-1610,395805701788
114,36466444992983;1094,6644499298327
143,6862286405392;30416,228640539215
124,42331116050734;11153,311160507339
76,48585663415545;-13270,0
74,30092413680039;-13270,0
114,35470304555884;1084,7030455588356
124,46660503146987;11196,60503146987
119,55681938521411;6286,819385214112
92,06693782804581;-13270,0
104,53800621361509;-8731,993786384908
90,79222871848587;-13270,0
103,12124944780396;-10148,750552196037
90,48378294203245;-13270,0
128,5872062001962;15317,206200196193
144,2863814448779;31016,381444877887
105,87614058023655;-7393,859419763448
79,46080797573592;-13270,0
125,32080279779079;12050,802797790791
87,62192772644238;-13270,0
128,10244911088355;14832,449110883554
87,9496136322298;-13270,0
123,12538348681873;9855,383486818733
92,90271553922823;-13270,0
92,67657203602604;-13270,0
87,43272795476858;-13270,0
138,73284736132894;25462,84736132894
119,95572502600538;6685,725026005381
103,19642114927272;-10073,578850727277
144,07962628200798;30809,62628200798
118,87690460070826;5606,904600708258
114,81929443946446;1549,2944394644564
99,18008636542123;-13270,0
78,71270665454048;-13270,0
95,96248448932062;-13270,0
101,93306919766505;-11336,930802334951
122,37992732918185;9109,927329181854
114,11986440121773;849,8644012177247
133,18480928534535;19914,80928534535
122,96623396665605;9696,233966656047
168,2246430956035;54954,64309560352
122,22281357973512;8952,813579735117
107,82201584903757;-5447,98415096243
84,29108943836009;-13270,0
104,85961551131308;-8410,38448868692
99,24220345701991;-13270,0
90,52763388276205;-13270,0
104,60738858834395;-8662,61141165605
119,5227905080826;6252,790508082595
95,18648089616185;-13270,0
124,36135511555125;11091,355115551247
108,19893144822963;-5071,068551770371
147,66227515342524;34392,27515342524
95,60766387121649;-13270,0
84,69309044692294;-13270,0
122,12560663149254;8855,606631492545
81,25474917009551;-13270,0
111,72353049318878;-1546,469506811225
99,8392299800084;-13270,0
130,0844465863372;16814,44658633721
107,00392686639144;-6266,073133608562
109,90733095378759;-3362,669046212408
84,37107706337969;-13270,0
90,39031915027891;-13270,0
98,35900319860713;-13270,0
75,00205690080986;-13270,0
106,91926425488016;-6350,735745119839
134,81013815344753;21540,138153447522
126,3189137689418;13048,913768941798
131,25496849751062;17984,968497510617
95,83825120844635;-13270,0
88,73504251814056;-13270,0
105,98584508072946;-7284,154919270539
142,06984788591683;28799,84788591683
83,97882167779255;-13270,0
95,81499046122462;-13270,0
98,9821151126155;-13270,0
94,36289260379549;-13270,0
111,79141629615523;-1478,5837038447662
121,9648851181355;8694,885118135498
99,28916388992502;-13270,0
169,7491594175104;56479,15941751041
165,99460967234677;52724,60967234676
132,62002321518955;19350,023215189547
141,4402791646941;28170,27916469409
123,40374753509096;10133,747535090959
94,28025734676473;-13270,0
106,65277062413658;-6617,2293758634205
107,8551925781384;-5414,8074218616
86,66333502486772;-13270,0
104,08363239858318;-9186,367601416823
109,38063740689886;-3889,3625931011447
85,06690928250264;-13270,0
128,22069263221937;14950,692632219369
114,99338695112904;1723,3869511290395
98,81652344931105;-13270,0
84,80564274063346;-13270,0
129,19297761696785;15922,977616967852
114,49623999756801;1226,239997568011
119,37215737754072;6102,157377540716
105,78401850456967;-7485,981495430327
121,76496653807351;8494,96653807351
159,17802978164124;45908,02978164124
86,35014595964134;-13270,0
66,64039509503024;-13270,0
88,18473011813118;-13270,0
112,28086663339852;-989,1333666014834
111,08611711833399;-2183,8828816660116
89,95875793054451;-13270,0
101,11853152511262;-12151,468474887384
106,43126932825832;-6838,730671741676
83,93264533208554;-13270,0
98,05154348552996;-13270,0
98,62553874446404;-13270,0
106,71213928486907;-6557,8607151309325
132,04225808670918;18772,258086709182
130,03621296921574;16766,21296921574
51,65640405900109;-13270,0
117,07521640573813;3805,2164057381306
93,28108128672821;-13270,0
68,88900102195467;-13270,0
96,95174832954251;-13270,0
93,70689965594862;-13270,0
129,72390255741104;16453,90255741104
133,0961875430712;19826,18754307121
137,08895391431065;23818,953914310652
100,75526670079293;-12514,73329920707
126,9234997659733;13653,499765973305
107,47676380980347;-5793,236190196528
90,08258488102791;-13270,0
97,97176636583886;-13270,0
140,47422744156538;27204,227441565374
93,07776377846906;-13270,0
101,73073421756327;-11539,265782436732
130,5819199814723;17311,91998147231
106,92888307597941;-6341,116924020586
94,14481627836808;-13270,0
127,02480724964941;13754,807249649413
102,93096539784348;-10339,03460215652
72,69305724266673;-13270,0
122,22255468466845;8952,554684668452
112,49679492810077;-773,2050718992305
118,30460786798778;5034,607867987783
131,68764643714016;18417,64643714016
91,1845381888465;-13270,0
89,40100810214815;-13270,0
154,3300871439478;41060,08714394779
112,03657786849806;-1233,4221315019422
112,59223344244609;-677,7665575539122
108,17979617131606;-5090,203828683944
86,03495432878985;-13270,0
114,95491070770218;1684,9107077021836
142,06032136902513;28790,32136902513
106,51987894035267;-6750,121059647331
171,1304253921983;57860,4253921983
85,88671442531202;-13270,0
130,7678829190585;17497,88291905851
135,80688587377387;22536,885873773863
120,99153584705502;7721,53584705502
105,53723032900307;-7732,769670996934
97,57630427141106;-13270,0
129,24463063361634;15974,63063361634
99,35093599201281;-13270,0
111,78260289106716;-1487,3971089328425
112,94853960462916;-321,46039537083925
148,2853649751624;35015,364975162396
93,60821136582948;-13270,0
93,44678828427931;-13270,0
116,62961560910257;3359,615609102573
108,5926061452047;-4677,393854795302
145,01324106732025;31743,241067320254
102,26796392857744;-11002,036071422555
147,8609043317237;34590,9043317237
116,33334056795954;3063,340567959538
108,75958514531567;-4510,414854684332
98,9109795254509;-13270,0
114,35941405302042;1089,414053020415
110,4762577106713;-2793,742289328695
103,46250573578037;-9807,494264219631
104,91442345268504;-8355,576547314959
88,1208316092998;-13270,0
89,80421257814253;-13270,0
108,02874285729425;-5241,257142705753
119,21286347165324;5942,863471653236
95,41115123208425;-13270,0
93,76965366358483;-13270,0
91,27393248515952;-13270,0
130,6184263435352;17348,42634353519
79,30378333822974;-13270,0
105,4501961544589;-7819,803845541106
110,74611500410674;-2523,8849958932587
114,05736668864253;787,3666886425308
140,34837691930423;27078,37691930423
122,59041930134656;9320,419301346556
120,58110735059182;7311,107350591821
91,10848576875186;-13270,0
104,36893924566971;-8901,060754330292
104,2173329923658;-9052,667007634202
91,3146612855874;-13270,0
114,92520893992777;1655,2089399277702
122,0316200588297;8761,620058829703
116,06741921156353;2797,4192115635324
128,3721797342797;15102,17973427971
99,6286830896157;-13270,0
87,59143272336406;-13270,0
66,62015044072494;-13270,0
89,51401008714649;-13270,0
102,99930494015801;-10270,695059841988
129,2921368836297;16022,136883629693
122,19437684360335;8924,37684360335
93,37112354509249;-13270,0
122,25604888168577;8986,048881685772
139,07699543391058;25806,995433910583
85,69127357274633;-13270,0
83,41050634149798;-13270,0
85,59217699311571;-13270,0
78,94359305439411;-13270,0
104,76144675445107;-8508,553245548928
93,13680217847521;-13270,0
113,24903873487713;-20,96126512286719
119,16924684802628;5899,246848026276
143,23702460034943;29967,024600349432
143,72591013172305;30455,910131723052
148,85016311717595;35580,16311717595
170,99453395312835;57724,53395312835
95,4189676633428;-13270,0
89,15526363646468;-13270,0
93,1506571885686;-13270,0
70,39049618861094;-13270,0
119,12080217600722;5850,802176007219
126,44551401173281;13175,514011732812
113,27092821087467;0,9282108746720041
76,92241367371045;-13270,0
110,21688917501639;-3053,110824983609
104,19167179242588;-9078,32820757412
99,22617979286501;-13270,0
78,02924699509238;-13270,0
115,96663058306189;2696,6305830618858
111,18316267362931;-2086,837326370689
125,99871439033537;12728,714390335364
145,92801915149732;32658,019151497327
101,27340787468285;-11996,592125317155
86,68177301977198;-13270,0
86,50978836169175;-13270,0
90,6477916707543;-13270,0
94,66131405922495;-13270,0
141,9527225507745;28682,722550774495
98,84012136703208;-13270,0
103,43844707222803;-9831,55292777197
84,27662362201444;-13270,0
137,58754201634764;24317,542016347637
102,77813405058805;-10491,86594941195
124,52813788128525;11258,137881285245
106,1447625766105;-7125,237423389497
109,6110642713646;-3658,9357286354025
127,56521897730717;14295,21897730717
104,77461137516515;-8495,38862483485
103,37228783687426;-9897,712163125736
131,87859975621848;18608,59975621848
170,6000011967562;57330,00119675622
92,91544709918945;-13270,0
109,85387422531761;-3416,1257746823885
95,18341595270186;-13270,0
75,12034454540441;-13270,0
103,98530443711125;-9284,695562888746
90,29208006402148;-13270,0
97,51766564461556;-13270,0
146,59263772838688;33322,63772838688
99,03935635438692;-13270,0
133,29126918008978;20021,26918008979
112,86863298783365;-401,36701216635083
91,09988591398678;-13270,0
119,34581003873086;6075,810038730859
103,45221508001833;-9817,784919981666
88,0016760177604;-13270,0
98,78001541653963;-13270,0
114,42005236512924;1150,052365129237
133,26528981785688;19995,28981785688
111,8550317851291;-1414,9682148708998
110,32489318055462;-2945,1068194453746
165,42585653693536;52155,85653693535
107,84639133325626;-5423,608666743736
106,00631681546157;-7263,683184538426
119,3980411672207;6128,041167220697
97,16128883100839;-13270,0
104,13257216641256;-9137,427833587442
95,4472872091802;-13270,0
96,85032122151817;-13270,0
83,61702793936529;-13270,0
122,89302816971271;9623,028169712707
75,91400778287402;-13270,0
134,34849122334083;21078,491223340832
128,21975310482102;14949,753104821022
99,36011551664559;-13270,0
107,01998885532187;-6250,01114467813
100,59868088769713;-12671,319112302872
105,61638205200413;-7653,617947995873
106,82681618375753;-6443,183816242471
75,22201510264482;-13270,0
106,16576124500905;-7104,238754990949
102,25706596137873;-11012,934038621272
99,85146546766984;-13270,0
135,08946411883744;21819,464118837437
120,26556835477477;6995,568354774772
114,18471754498476;914,7175449847637
100,48665889114206;-12783,341108857943
117,68209698623045;4412,096986230448
110,4765491193137;-2793,4508806862978
92,70145167120253;-13270,0
86,53007551369498;-13270,0
111,02797301883038;-2242,02698116962
123,5534538444879;10283,453844487904
163,89515297120388;50625,15297120388
139,56413465497585;26294,134654975845
104,56588847011668;-8704,111529883325
99,18206340795928;-13270,0
152,2688145107153;38998,81451071529
72,42597047151158;-13270,0
114,21722124215424;947,221242154239
103,3453467436069;-9924,653256393103
66,45870819285595;-13270,0
119,17590923510315;5905,909235103147
93,47438778557013;-13270,0
98,49474663739433;-13270,0
101,83013035155659;-11439,86964844341
95,0152924169243;-13270,0
129,1090685881899;15839,0685881899
112,2688959982607;-1001,104001739297
99,1682758029224;-13270,0
121,32390641046409;8053,906410464089
103,1599737021018;-10110,026297898206
138,79213502609363;25522,13502609363
81,0685790800964;-13270,0
78,5199560353229;-13270,0
122,64319783664904;9373,197836649037
108,14415530124528;-5125,844698754723
110,31399868809724;-2956,001311902757
159,13096730191535;45860,96730191535
109,78922254006216;-3480,7774599378445
100,07104785178771;-13198,95214821229
98,07576753652852;-13270,0
94,84018846393826;-13270,0
103,65834387084898;-9611,656129151019
121,39448604675323;8124,486046753231
145,93286533307787;32662,86533307787
105,12413680143887;-8145,863198561135
72,83714961863326;-13270,0
91,03830810338431;-13270,0
75,14418885042282;-13270,0
144,98006640165698;31710,066401656986
117,42569902731196;4155,699027311963
111,29350549788957;-1976,4945021104304
143,42175015544473;30151,75015544473
91,11613919034862;-13270,0
120,51652796511145;7246,527965111451
113,60880557970212;338,80557970212067
118,06628364156691;4796,283641566912
90,57819107669732;-13270,0
115,20285326429264;1932,853264292642
118,06909474006919;4799,094740069191
115,77303220361073;2503,0322036107245
102,61637363927572;-10653,626360724278
85,45634198207158;-13270,0
123,78304977140611;10513,049771406113
154,55540216135344;41285,40216135344
81,77813619755115;-13270,0
144,62023183025386;31350,231830253855
84,86075536897553;-13270,0
122,79095035972742;9520,95035972742
122,40708479249595;9137,084792495953
162,68408265943611;49414,08265943611
125,77029419221061;12500,294192210615
107,32587078352995;-5944,12921647005
102,61336277195569;-10656,637228044307
120,45858782009407;7188,587820094068
98,79050363419097;-13270,0
153,304263269626;40034,263269626004
99,30250883312992;-13270,0
126,34869741668638;13078,697416686377
102,36628672313333;-10903,713276866672
139,60313655217118;26333,136552171178
112,06765501156637;-1202,3449884336278
89,3782051466244;-13270,0
93,24566276613551;-13270,0
78,50098947188661;-13270,0
137,80149655790316;24531,496557903163
140,2170667871826;26947,0667871826
92,73593755325838;-13270,0
54,03234900029072;-13270,0
113,1060952896113;-163,9047103886969
129,7420142788938;16472,014278893806
120,10894883092664;6838,948830926634
134,7520447038981;21482,044703898093
111,35184646185967;-1918,1535381403355
135,40571780900393;22135,71780900393
93,96408134729676;-13270,0
109,36071864003547;-3909,2813599645287
170,74758742146753;57477,58742146753
110,66264005626584;-2607,3599437341563
126,56171169174775;13291,711691747747
90,42829870569223;-13270,0
99,80071044033026;-13270,0
108,62807857166896;-4641,921428331036
94,79082506007266;-13270,0
113,37547179359197;105,47179359197071
101,07424094620463;-12195,759053795375
95,89547693352239;-13270,0
109,55618037856918;-3713,819621430819
80,06968300053572;-13270,0
132,9438972219083;19673,897221908286
105,73812553347955;-7531,874466520453
119,32568609745546;6055,686097455458
115,03808313688617;1768,0831368861727
100,51798145540086;-12752,018544599143
90,56332640219492;-13270,0
117,44269911074912;4172,699110749119
108,68553785592493;-4584,462144075065
109,273372676529;-3996,627323471006
112,70239272444087;-567,6072755591304
94,97688560123665;-13270,0
100,12560168134996;-13144,398318650037
83,28908908103959;-13270,0
83,05384809958701;-13270,0
109,63578970142704;-3634,210298572956
101,06497669095648;-12205,023309043516
116,13297498722504;2862,9749872250395
106,07174822295744;-7198,251777042561
111,46522023329864;-1804,779766701362
115,84457404562629;2574,5740456262884
124,16078444046119;10890,784440461186
92,45125314073407;-13270,0
125,3355176302299;12065,5176302299
93,3942857831234;-13270,0
98,9697562362713;-13270,0
89,35698311157745;-13270,0
107,81191787093043;-5458,08212906957
84,17276839582924;-13270,0
129,09120043102143;15821,200431021432
99,64374691277565;-13270,0
103,8482935538073;-9421,706446192704
97,69906232926824;-13270,0
99,02165370859922;-13270,0
158,8545956256688;45584,59562566879
111,98264265526392;-1287,3573447360832
157,73178992497742;44461,78992497742
114,16770802995968;897,7080299596837
74,18160453191065;-13270,0
101,81988817252272;-11450,111827477276
157,98031310862308;44710,31310862308
75,72863027527077;-13270,0
117,4243700576508;4154,370057650805
164,09097471582186;50820,97471582186
95,864739219584;-13270,0
123,3062478859132;10036,247885913195
134,70644360480176;21436,44360480176
108,25471494905045;-5015,285050949547
74,66595960838725;-13270,0
84,51848896615158;-13270,0
132,24222425963072;18972,22425963072
106,04571408001593;-7224,285919984073
70,74052189535107;-13270,0
97,07667004137441;-13270,0
166,85662155538952;53586,621555389516
114,27150446720107;1001,5044672010699
124,53794715329443;11267,947153294426
115,36160345265995;2091,6034526599487
103,04657018008594;-10223,429819914063
139,56420902540304;26294,209025403048
96,10904027695575;-13270,0
72,44188461419677;-13270,0
126,0118818448235;12741,881844823507
90,25037137967828;-13270,0
83,3505700650661;-13270,0
144,00318432288492;30733,184322884917
131,0475046832595;17777,50468325949
142,42947912517164;29159,479125171638
151,27360720273032;38003,607202730316
64,36559231098204;-13270,0
89,47474946614659;-13270,0
85,36580232027772;-13270,0
74,0214269142862;-13270,0
96,48600121805987;-13270,0
109,71586038778509;-3554,1396122149145
74,86645352821984;-13270,0
135,14961080573516;21879,610805735167
94,03258310914218;-13270,0
135,8312797509445;22561,2797509445
110,85374822604923;-2416,2517739507657
138,65326365595806;25383,263655958057
150,59704218039496;37327,042180394965
106,59636732347282;-6673,632676527181
85,6950838626922;-13270,0
125,32709413308297;12057,094133082966
69,22722040913202;-13270,0
67,7850925844155;-13270,0
145,31388512828107;32043,885128281072
93,2803059064273;-13270,0
104,68058378328318;-8589,416216716818
125,95116577781882;12681,165777818816
139,6645251532648;26394,525153264804
112,78729129826405;-482,7087017359481
160,15116670850418;46881,16670850418
79,0650338983096;-13270,0
103,45354325025345;-9816,456749746554
116,29961751734812;3029,6175173481242
88,81304420054346;-13270,0
121,6827970545048;8412,797054504805
119,12271702974724;5852,717029747237
111,3645791354737;-1905,4208645262952
108,7925809974174;-4477,419002582597
141,19297905529936;27922,979055299358
127,27030172995049;14000,30172995049
95,15836507111175;-13270,0
81,80350409892809;-13270,0
125,12650304013721;11856,50304013721
81,81395441038545;-13270,0
109,42833934079219;-3841,660659207808
125,6901855086959;12420,185508695904
167,48527938750527;54215,279387505274
75,62345393771827;-13270,0
125,76422010240009;12494,22010240009
115,7845153161517;2514,5153161516973
85,16064526833561;-13270,0
75,33243749513593;-13270,0
101,2430809474053;-12026,919052594696
97,26057869560172;-13270,0
84,4058854261379;-13270,0
133,6742006657917;20404,200665791686
79,57378941565871;-13270,0
110,76003911991737;-2509,9608800826336
140,26548909306888;26995,489093068878
117,47672585829466;4206,725858294656
102,82800892753083;-10441,991072469169
157,37024115028316;44100,24115028317
173,3519335231796;60081,933523179614
110,7588957981147;-2511,104201885306
83,02130328968931;-13270,0
103,66837888913673;-9601,621110863267
58,43134161753375;-13270,0
106,42692406937391;-6843,07593062609
100,10952883955039;-13160,471160449608
67,04145891495735;-13270,0
236,86805492785905;123598,05492785905
119,35259426139318;6082,59426139318
98,4222792355019;-13270,0
141,20854460250004;27938,544602500042
125,53825657112141;12268,256571121408
125,36170018831395;12091,700188313946
134,69075617964143;21420,756179641423
120,57897128369916;7308,97128369916
133,85415526695667;20584,155266956666
93,75767654089742;-13270,0
112,14024436111485;-1129,755638885148
130,42196370717915;17151,963707179144
79,44168653536833;-13270,0
132,47430341681465;19204,303416814648
78,11375171022496;-13270,0
133,80211194937274;20532,111949372746
82,79833897952076;-13270,0
160,20987787830373;46939,87787830373
153,614350154056;40344,35015405601
169,57782311028947;56307,82311028948
97,74216555550214;-13270,0
86,88070260829012;-13270,0
89,68188554678366;-13270,0
88,97369148717354;-13270,0
145,74133272731308;32471,332727313078
83,95555392480296;-13270,0
76,94555554414731;-13270,0
82,38093626506775;-13270,0
126,09545348543882;12825,453485438826
132,52869931249302;19258,699312493016
112,48965597300908;-780,3440269909206
110,32289324168944;-2947,106758310558
103,52158379736582;-9748,41620263418
111,21586906390152;-2054,130936098478
148,83252651227787;35562,526512277866
85,79020469892762;-13270,0
129,43161377001817;16161,613770018175
77,89409959179767;-13270,0
113,8325473032956;562,5473032955979
120,07461513932762;6804,6151393276195
87,60760799452912;-13270,0
88,98696432126357;-13270,0
105,24260063755311;-8027,399362446889
102,9733937913017;-10296,606208698297
115,66070195727569;2390,701957275691
87,75752358851582;-13270,0
155,77640589962635;42506,405899626356
146,10328801945604;32833,28801945604
88,67043062307305;-13270,0
73,67811508689819;-13270,0
139,53578257351427;26265,78257351427
83,39439344023782;-13270,0
92,2850357278131;-13270,0
86,99342015476074;-13270,0
88,87308080969318;-13270,0
99,36183936042018;-13270,0
114,5295531445836;1259,5531445836023
99,8863405498268;-13270,0
146,5623421412395;33292,3421412395
97,74161974419286;-13270,0
108,20825359573712;-5061,746404262882
109,0178646403142;-4252,135359685799
93,24473398756021;-13270,0
106,32302991090314;-6946,970089096855
123,423685701657;10153,685701657007
165,5711979416979;52301,1979416979
115,82992757931179;2559,927579311785
107,80644318851769;-5463,55681148231
126,97385092933955;13703,850929339547
112,99377370074637;-276,2262992536271
158,64058837283417;45370,58837283417
99,0870504512331;-13270,0
103,75437200168929;-9515,627998310709
128,62252386990366;15352,52386990366
107,2969755695723;-5973,024430427703
190,30768681446685;77037,68681446686
131,91566406716194;18645,664067161943
112,09172368599414;-1178,2763140058596
125,951694813738;12681,694813738002
108,62636506955079;-4643,634930449214
97,45213379270868;-13270,0
189,93877429319284;76668,77429319284
76,54832722440527;-13270,0
99,5963353883128;-13270,0
135,40531562343944;22135,315623439434
186,22340677741545;72953,40677741545
94,284489819336;-13270,0
215,12152157961987;101851,52157961986
121,90307430427487;8633,074304274865
109,730020755668;-3539,9792443320057
77,98509435265831;-13270,0
76,84607903785188;-13270,0
79,93842364601623;-13270,0
144,22108396524536;30951,083965245358
99,19058540973943;-13270,0
116,55414306589718;3284,1430658971803
110,29168268501721;-2978,3173149827926
101,7930529487978;-11476,947051202207
115,65098844673281;2380,98844673281
99,41149103117978;-13270,0
101,35352620854998;-11916,47379145002
112,30757870566916;-962,4212943308412
110,82371088891489;-2446,2891110851124
133,9156524412762;20645,652441276194
91,51623644135015;-13270,0
164,7238842536955;51453,884253695505
105,84340874094356;-7426,591259056441
124,97855049081785;11708,550490817852
90,94461695911139;-13270,0
80,07823788924331;-13270,0
133,67853886008177;20408,538860081775
102,1203130968118;-11149,686903188202
109,75471276042474;-3515,287239575262
126,64735626472083;13377,356264720827
97,80552081239856;-13270,0
145,97139621276474;32701,396212764746
75,56093959268856;-13270,0
105,84131783473723;-7428,682165262775
101,43536636526467;-11834,63363473533
104,74251282960863;-8527,48717039137
138,55981163183714;25289,811631837132
130,67265002114715;17402,65002114715
127,44094769164013;14170,947691640133
112,19685813460639;-1073,1418653936125
120,297388586568;7027,388586568006
86,67241572599625;-13270,0
115,56323504106349;2293,2350410634936
96,52081384889777;-13270,0
129,5003359815663;16230,33598156631
96,26652070217375;-13270,0
82,78629802332749;-13270,0
118,72232515883059;5452,325158830587
108,60830780603166;-4661,69219396834
99,37277699303445;-13270,0
102,07743601094165;-11192,563989058346
177,20512740660692;63935,127406606916
134,51216835433792;21242,16835433792
124,10576761866763;10835,767618667629
100,52205526991132;-12747,94473008868
138,22186310121634;24951,863101216346
100,84206182792559;-12427,93817207441
117,49709673872468;4227,096738724678
143,23605608935358;29966,05608935358
117,00340662213713;3733,406622137136
169,03329684735235;55763,29684735235
117,60393841325829;4333,938413258293
125,57194985296573;12301,949852965728
142,12871254754035;28858,712547540345
127,93065812497547;14660,658124975467
89,61101289749665;-13270,0
119,84625671961344;6576,256719613437
88,00468763602457;-13270,0
82,04557120218847;-13270,0
97,59951711055372;-13270,0
112,65048128386417;-619,5187161358335
100,56503317313089;-12704,966826869115
124,11331610559499;10843,31610559499
109,21864936211416;-4051,3506378858365
103,0392130877763;-10230,786912223695
114,13933656462767;869,3365646276688
125,99976580532541;12729,765805325409
83,38084160436419;-13270,0
151,55145573351166;38281,45573351166
91,8418948343143;-13270,0
102,6425866944978;-10627,413305502207
124,36993307050341;11099,933070503408
127,62729416928653;14357,294169286528
133,07548240820793;19805,482408207936
107,04235580078361;-6227,644199216389
121,61960816720871;8349,60816720871
136,55600737029806;23286,00737029806
97,46758927983778;-13270,0
122,69869644698008;9428,69644698008
87,12980184232036;-13270,0
104,29470409048088;-8975,295909519122
131,4665910106358;18196,591010635795
122,66050932870778;9390,509328707776
90,4368478744542;-13270,0
93,96922544975767;-13270,0
112,4576399515176;-812,3600484823928
149,23183669713148;35961,83669713148
129,5566140962028;16286,614096202793
129,6687832163878;16398,783216387794
86,23696824182123;-13270,0
108,78238467392462;-4487,6153260753745
136,88503587174284;23615,035871742846
116,40714976686519;3137,14976686519
115,78699097764726;2516,990977647263
91,62794053105684;-13270,0
94,66985899553978;-13270,0
162,1425862716236;48872,5862716236
84,04640630375816;-13270,0
89,24478735131733;-13270,0
128,1739932795688;14903,993279568804
85,14967156311856;-13270,0
87,37944172064735;-13270,0
106,94613619474416;-6323,8638052558435
121,05993959623467;7789,939596234672
135,07661528962416;21806,615289624155
82,9237063453358;-13270,0
120,84151050739223;7571,510507392228
92,53603752475618;-13270,0
129,7987064254405;16528,706425440512
86,88866948728705;-13270,0
87,3980588180664;-13270,0
124,02285609085996;10752,856090859961
110,43978344506277;-2830,2165549372276
137,70894620258693;24438,94620258693
104,8829182758807;-8387,081724119302
131,29948852726594;18029,488527265938
94,28021564892317;-13270,0
76,97985343830062;-13270,0
84,80516899235784;-13270,0
113,13015893901289;-139,84106098711345
100,9496144040712;-12320,385595928801
114,89139250290503;1621,3925029050351
130,19949465182265;16929,494651822646
107,65245798339282;-5617,542016607178
99,72312939328788;-13270,0
138,1890560149736;24919,056014973605
74,1825380754173;-13270,0
79,09444491192914;-13270,0
137,0533085908631;23783,30859086311
99,40531167960567;-13270,0
100,81185499281415;-12458,145007185853
106,83871815599358;-6431,281844006425
95,23853666845868;-13270,0
105,47355708703965;-7796,442912960349
97,79876712505654;-13270,0
108,18263194339232;-5087,368056607676
172,53189156389814;59261,89156389814
94,70335857883636;-13270,0
75,48427608489654;-13270,0
106,9123169740827;-6357,6830259173
114,1341860572735;864,186057273495
106,17505287288043;-7094,947127119572
100,92146339399339;-12348,536606006608
139,8316747659907;26561,674765990698
127,665310189843;14395,310189843
97,62771607863218;-13270,0
130,94037951779228;17670,37951779228
119,64546806681122;6375,46806681122
87,72716509162984;-13270,0
81,77817917251356;-13270,0
117,0473922524278;3777,3922524277987
119,74528710568704;6475,287105687039
76,23801646482346;-13270,0
88,52201459351713;-13270,0
94,35667100230675;-13270,0
121,54402628520482;8274,026285204822
123,38985018332131;10119,850183321316
129,53409955231726;16264,099552317257
93,25073701672825;-13270,0
114,37357409002303;1103,5740900230267
120,27232567497978;7002,325674979784
77,06447154040106;-13270,0
110,95427535915823;-2315,7246408417686
111,61800158251671;-1651,998417483288
121,77478532368941;8504,785323689415
161,44799150094013;48177,99150094013
101,98308732128616;-11286,912678713838
101,22491061055912;-12045,08938944088
175,1704353511015;61900,43535110151
100,20818330409102;-13061,816695908978
104,58794261489305;-8682,057385106948
121,83202298334884;8562,022983348834
107,6424201495931;-5627,579850406907
126,91671138292762;13646,711382927617
98,59848089582329;-13270,0
96,6520470909278;-13270,0
116,84506508114916;3575,065081149158
104,18856279785436;-9081,43720214564
111,45109151837286;-1818,908481627137
167,71116270801903;54441,16270801904
105,21845947520121;-8051,540524798786
158,33025461737253;45060,254617372535
117,37751400929714;4107,514009297145
140,410862231605;27140,862231604995
100,6229734293559;-12647,026570644106
81,03054711560026;-13270,0
81,70194008834846;-13270,0
95,95305040034813;-13270,0
113,56284999324599;292,84999324599085
89,56417047988788;-13270,0
169,9270245417055;56657,0245417055
118,09361345124718;4823,61345124718
112,42237324573546;-847,6267542645437
107,32594957110335;-5944,0504288966495
140,89466386912844;27624,66386912844
124,0207728762271;10750,7728762271
97,3506100101901;-13270,0
108,90255178957426;-4367,448210425739
113,89163050789665;621,6305078966507
112,78153779369093;-488,4622063090701
74,91537857537939;-13270,0
106,45193684135317;-6818,063158646826
85,97561258208466;-13270,0
110,24764746027473;-3022,352539725265
125,02867074967818;11758,670749678186
117,96699157113133;4696,99157113133
113,58394301843848;313,9430184384746
83,65239922599173;-13270,0
143,4441898344592;30174,189834459197
140,84547582393137;27575,475823931367
106,39016043032483;-6879,839569675174
154,2786261574783;41008,6261574783
109,77826693522512;-3491,7330647748804
84,29247862792897;-13270,0
162,91012680123487;49640,12680123487
83,94235927495892;-13270,0
103,78391979778362;-9486,080202216375
118,34180143693716;5071,801436937159
88,30989732448752;-13270,0
120,87334833824168;7603,348338241685
82,27603162317708;-13270,0
111,64039150422632;-1629,6084957736857
96,67470641165063;-13270,0
127,0386406289847;13768,640628984693
120,37764904379773;7107,64904379773
119,73121711095666;6461,2171109566625
104,23255091048382;-9037,449089516176
99,37149995605643;-13270,0
140,95482927924624;27684,829279246238
110,18340530200076;-3086,594697999235
140,0412901855713;26771,290185571313
125,97032918725921;12700,329187259209
76,30573231528406;-13270,0
99,52766705337204;-13270,0
112,96341236648753;-306,5876335124685
133,7715961845826;20501,596184582595
94,5699023450327;-13270,0
113,6618624454717;391,86244547169736
121,40220733257148;8132,207332571477
77,97012266776144;-13270,0
140,8932009313879;27623,200931387895
99,76263392529975;-13270,0
117,41573290467899;4145,732904678989
110,09216521942828;-3177,8347805717185
78,77239783968602;-13270,0
123,49823064163922;10228,230641639224
71,22491736823252;-13270,0
119,52109196104344;6251,091961043439
97,76386857822718;-13270,0
71,4040125153244;-13270,0
133,5010542451038;20231,054245103805
113,72951333877852;459,5133387785172
83,8020902367152;-13270,0
104,65775658449121;-8612,24341550879
97,15727984580447;-13270,0
150,75309501005324;37483,09501005324
119,34586305245476;6075,863052454759
116,3571811513084;3087,181151308396
92,68760525214267;-13270,0
85,9243869295185;-13270,0
79,25561948663137;-13270,0
92,0926644237767;-13270,0
152,86193337935364;39591,93337935364
105,60236227491404;-7667,637725085957
105,39847388997126;-7871,5261100287435
129,62277789015025;16352,777890150246
112,07169362130504;-1198,3063786949551
125,11892669831386;11848,926698313855
118,57469158175675;5304,691581756753
116,2968386730173;3026,8386730173042
87,09505556896954;-13270,0
99,40932644553403;-13270,0
140,09384137038123;26823,841370381226
102,1839998021996;-11086,000197800406
127,8301121805907;14560,112180590702
82,11355471551236;-13270,0
85,52880139628397;-13270,0
91,23113065443948;-13270,0
119,65105662841353;6381,0566284135275
88,73236922100173;-13270,0
125,34622011434186;12076,22011434186
97,23000106118003;-13270,0
127,02410526208755;13754,105262087545
123,25129415438312;9981,294154383118
137,14785422245498;23877,854222454982
102,27213974529563;-10997,860254704367
76,87927604180177;-13270,0
89,75881868745229;-13270,0
99,94473488776457;-13270,0
80,49996068104967;-13270,0
83,07201137176116;-13270,0
66,30135780739019;-13270,0
129,73117717262025;16461,17717262025
72,0858610705446;-13270,0
124,42934283045912;11159,342830459122
124,15718320869884;10887,18320869884
105,62238942879057;-7647,61057120943
100,14270546533861;-13127,294534661392
136,01972729949387;22749,72729949387
98,32871341084679;-13270,0
106,08195547483976;-7188,0445251602405
91,8735535172479;-13270,0
77,12538031590262;-13270,0
159,37919330329652;46109,19330329652
85,34086146289853;-13270,0
104,3367028424137;-8933,2971575863
102,40055966271045;-10869,44033728955
95,53742404049663;-13270,0
101,53653075810804;-11733,469241891957
104,25701565780408;-9012,984342195925
119,64627938622353;6376,279386223527
163,94174238303574;50671,742383035744
111,7525613696434;-1517,438630356597
62,54846249439608;-13270,0
79,00770938454066;-13270,0
156,20176987160337;42931,76987160338
98,6080063043107;-13270,0
112,64727180621732;-622,728193782681
83,84957441870095;-13270,0
89,07634128028134;-13270,0
119,3618987779397;6091,898777939699
95,26760468651243;-13270,0
115,17254970593123;1902,549705931231
84,37655432469941;-13270,0
99,38643037305148;-13270,0
136,85375386093585;23583,753860935853
131,99979228616556;18729,792286165557
98,57515989863239;-13270,0
142,26447864906788;28994,47864906788
106,93409396152227;-6335,906038477735
78,87517170637564;-13270,0
108,75765373673336;-4512,34626326664
128,05819723250968;14788,197232509683
104,34772348778922;-8922,276512210776
136,9986256646943;23728,625664694286
112,6579315296335;-612,0684703664992
138,53684301094071;25266,843010940713
105,56706604696467;-7702,933953035331
108,80270246411217;-4467,297535887827
108,39064541067613;-4879,354589323872
123,73832060512304;10468,320605123037
106,4418594683618;-6828,1405316382015
103,77825413339133;-9491,745866608671
88,76070786198575;-13270,0
132,61161192199444;19341,611921994438
111,00190554167189;-2268,0944583281107
88,309594546207;-13270,0
137,80317194545395;24533,171945453956
159,42645300048468;46156,45300048468
118,80705035536137;5537,050355361371
106,1521784820918;-7117,821517908202
124,42838085571275;11158,380855712745
164,516885247203;51246,88524720299
125,91950085786463;12649,500857864634
101,8307092583012;-11439,290741698802
108,0507181568239;-5219,281843176095
99,62277180076525;-13270,0
111,92584460355346;-1344,155396446542
149,73958028455147;36469,58028455146
137,39797672922654;24127,97672922654
130,78500404022938;17515,00404022938
117,67544548625777;4405,445486257773
118,60507998942388;5335,079989423884
93,80811274694366;-13270,0
122,06370036403516;8793,700364035158
97,37526827334545;-13270,0
72,39921982127497;-13270,0
99,86833708660716;-13270,0
118,38620116177667;5116,201161776669
85,55409437493445;-13270,0
99,34742310724832;-13270,0
114,42203592083185;1152,035920831846
119,28946162468965;6019,461624689651
114,51208719605307;1242,087196053073
113,87237758115249;602,377581152492
97,78141544510609;-13270,0
102,17451142857247;-11095,488571427528
121,00528310919098;7735,283109190983
123,45019344039176;10180,193440391758
95,9185717393227;-13270,0
119,54000759441257;6270,007594412571
121,68277656576652;8412,776565766515
140,1202041430557;26850,2041430557
123,0626264761263;9792,626476126297
148,49656088548812;35226,56088548812
109,63870627723946;-3631,293722760536
89,64353805657595;-13270,0
71,18085366610093;-13270,0
119,05647604244729;5786,476042447288
84,1854050806455;-13270,0
165,66864715245256;52398,64715245257
97,5263844032455;-13270,0
97,08821202944765;-13270,0
99,8572696696483;-13270,0
110,70594951393585;-2564,0504860641504
101,16509929988709;-12104,90070011291
107,53597843701633;-5734,021562983675
130,7354510383498;17465,451038349795
84,72397393682292;-13270,0
112,70685003759648;-563,1499624035187
139,40762847659107;26137,628476591068
115,77580208340514;2505,8020834051385
125,39406376024903;12124,063760249024
97,29486007460861;-13270,0
82,64376907940557;-13270,0
73,94199380429637;-13270,0
113,99599364718705;725,9936471870496
126,37923582989153;13109,235829891528
122,10182601172555;8831,826011725549
110,68244165470671;-2587,5583452932933
101,7863885360751;-11483,611463924906
111,82013213974089;-1449,867860259108
96,47692164977018;-13270,0
71,19936088920213;-13270,0
185,24631895809142;71976,31895809142
179,39825291759374;66128,25291759374
102,55768342106224;-10712,316578937764
82,34130028536232;-13270,0
138,57357893445447;25303,578934454476
105,41537826643435;-7854,621733565655
113,26425926205022;-5,740737949783579
99,11659082860001;-13270,0
119,21095347980959;5940,953479809588
118,68519447946666;5415,19447946666
98,09344628226545;-13270,0
106,81603826691757;-6453,961733082427
126,2822081451388;13012,208145138797
98,01566957720081;-13270,0
109,0666569430064;-4203,343056993606
118,72857225319042;5458,572253190421
105,08805388332824;-8181,946116671757
124,66552564534798;11395,525645347985
167,03368951432972;53763,68951432973
69,6808517341338;-13270,0
104,80531812695189;-8464,68187304811
116,55481922746509;3284,81922746509
103,96220663316433;-9307,79336683567
94,14685586937523;-13270,0
64,0114775212701;-13270,0
78,83658490719527;-13270,0
127,29209419557623;14022,094195576225
121,90560214640121;8635,602146401208
131,84224082380982;18572,240823809818
97,85670413944594;-13270,0
113,35701795257495;87,01795257494996
84,46209600147986;-13270,0
123,15130315956209;9881,303159562089
107,54633548482416;-5723,664515175845
105,22198814990213;-8048,011850097869
156,5726306941572;43302,6306941572
109,93661528727417;-3333,384712725834
113,24002018458697;-29,979815413033066
110,45280977700563;-2817,1902229943735
92,89687188365043;-13270,0
83,23975925770483;-13270,0
99,71329901734974;-13270,0
96,11834638411707;-13270,0
143,90176746409972;30631,76746409972
108,59321458282922;-4676,78541717078
112,01017544906054;-1259,82455093946
86,02506056253955;-13270,0
138,3106450123454;25040,64501234539
109,84818548522766;-3421,8145147723408
122,50458857148632;9234,588571486322
101,88512652735737;-11384,873472642628
117,34223379694646;4072,2337969464606
116,49585317644531;3225,8531764453073
82,53513533944975;-13270,0
94,81079812263408;-13270,0
72,51875766535052;-13270,0
99,90688120392527;-13270,0
101,94316496128779;-11326,835038712208
61,56963725731135;-13270,0
128,36974666261364;15099,746662613637
94,00033938446174;-13270,0
105,6235473182908;-7646,452681709196
85,247822174165;-13270,0
148,33362492304644;35063,624923046445
100,45009613582516;-12819,903864174838
90,76392256095531;-13270,0
111,30164118941241;-1968,3588105875933
79,38367788553474;-13270,0
106,61150680724802;-6658,49319275198
115,5508313409384;2280,831340938401
148,8349071465685;35564,9071465685
96,56513043710154;-13270,0
139,0791676643337;25809,167664333712
177,799988505518;64529,988505518006
131,5847383266309;18314,73832663091
117,42133292222556;4151,33292222556
119,74041829814234;6470,418298142344
121,49620827392735;8226,20827392735
116,34486301808296;3074,8630180829605
100,89293268673234;-12377,067313267664
100,99412543909577;-12275,874560904233
121,2787515445233;8008,751544523304
94,5854511938606;-13270,0
79,27820188176078;-13270,0
94,62629485780147;-13270,0
93,76488349437176;-13270,0
136,0157039645718;22745,703964571796
96,16233171129814;-13270,0
87,63856298259051;-13270,0
78,85164242482139;-13270,0
99,93643713705224;-13270,0
126,41066885479488;13140,668854794876
159,01600771351121;45746,007713511215
68,706469864902;-13270,0
120,87957032528962;7609,57032528962
108,79859067129101;-4471,409328708991
120,47310757766674;7203,1075776667385
89,22387705740516;-13270,0
52,98010620047124;-13270,0
89,68565989455706;-13270,0
109,76286295746567;-3507,1370425343284
130,71664057460464;17446,64057460464
110,72397079806058;-2546,029201939422
148,20414533112069;34934,145331120686
110,36243665962178;-2907,5633403782213
73,8350179734511;-13270,0
111,55866183454646;-1711,3381654535442
119,74969585398054;6479,695853980542
93,00611256914391;-13270,0
79,88768594869507;-13270,0
69,25987617983607;-13270,0
99,09990319923652;-13270,0
92,32267227921956;-13270,0
120,85336971127238;7583,3697112723785
140,46341719939556;27193,417199395568
100,20102240851439;-13068,977591485609
103,13655708477043;-10133,44291522957
93,05147567294588;-13270,0
173,31564157103944;60045,641571039436
113,10102693086878;-168,9730691312161
106,9291672390105;-6340,832760989504
136,98896071689182;23718,960716891823
124,81806753884916;11548,067538849165
81,3805000031243;-13270,0
77,72704811923225;-13270,0
83,37087999257633;-13270,0
102,87569119705758;-10394,308802942423
102,37780722065746;-10892,19277934254
100,26975434112228;-13000,24565887772
105,56482388562675;-7705,176114373249
129,23348578861632;15963,485788616319
107,22527023598332;-6044,7297640166835
76,62175548854879;-13270,0
92,65104844477119;-13270,0
131,53211941178935;18262,119411789354
157,7244724062802;44454,4724062802
157,16170534626207;43891,70534626207
106,15733890221193;-7112,661097788067
98,61455434063163;-13270,0
143,47417516441246;30204,17516441246
100,61211491163944;-12657,885088360563
135,3002459620296;22030,245962029607
107,82293042509377;-5447,069574906227
107,33817485984748;-5931,825140152516
151,06799483570234;37797,99483570234
108,20383167086283;-5066,168329137174
99,23035390987349;-13270,0
134,83837473690434;21568,37473690434
111,6903956971121;-1579,6043028879049
143,38856586612206;30118,565866122066
84,7177149893881;-13270,0
107,08770667604242;-6182,293323957584
91,58683692735109;-13270,0
71,18661481379476;-13270,0
123,9145255483651;10644,525548365105
83,82570254211718;-13270,0
144,40883949978604;31138,839499786038
70,47066083409413;-13270,0
136,08032531776942;22810,32531776942
111,55488272025956;-1715,1172797404433
85,52586243374036;-13270,0
133,73715075953132;20467,150759531316
111,5631933531639;-1706,806646836103
114,57195628687316;1301,9562868731591
86,88477161700786;-13270,0
89,69974652480482;-13270,0
95,69721401264603;-13270,0
99,05998055280837;-13270,0
108,34846638601564;-4921,533613984355
84,94601570573292;-13270,0
83,95756192698744;-13270,0
76,73517338559725;-13270,0
91,57735817897357;-13270,0
133,75159509891975;20481,59509891975
78,60446588242752;-13270,0
118,29273651816446;5022,73651816446
91,86099972244698;-13270,0
108,55323376646406;-4716,76623353594
96,87107366592736;-13270,0
95,7136444134975;-13270,0
100,76747271237925;-12502,527287620755
161,91888794500457;48648,88794500457
76,3372756943221;-13270,0
127,8400216516142;14570,021651614195
141,3984522186622;28128,452218662183
152,99266714806453;39722,667148064524
103,06661160407525;-10203,38839592475
100,75360539986227;-12516,394600137734
150,130973530922;36860,973530922005
134,5063416708435;21236,34167084351
77,64273785308119;-13270,0
137,38718051314504;24117,18051314504
131,3846443878734;18114,644387873406
116,2298551913284;2959,8551913283973
90,5145603904921;-13270,0
123,72124891731337;10451,248917313376
125,59202809301242;12322,028093012417
132,13130440884183;18861,30440884183
106,17860951576186;-7091,390484238137
101,68459486798294;-11585,405132017062
72,80794309574152;-13270,0
128,18831030912858;14918,310309128581
144,07392882230573;30803,92882230573
106,62588108132019;-6644,118918679813
110,8524711557613;-2417,5288442387064
87,02433870490194;-13270,0
106,67624101148574;-6593,758988514257
108,9316631257358;-4338,336874264205
110,97224601687368;-2297,7539831263166
99,16134919627741;-13270,0
123,90614707775526;10636,147077755264
109,85246280157892;-3417,537198421076
88,41007339328661;-13270,0
103,52174423702647;-9748,255762973531
103,31459775665992;-9955,402243340079
79,44388669993249;-13270,0
103,93360697007435;-9336,39302992565
141,95322378433792;28683,22378433792
101,07732681938108;-12192,673180618915
112,57843997895081;-691,5600210491884
122,35131313275245;9081,313132752453
98,67347157323236;-13270,0
138,82682455310774;25556,82455310774
113,46068687251596;190,68687251596384
103,10895811652424;-10161,041883475766
148,1796034424602;34909,603442460204
119,44654754538662;6176,54754538662
112,62437670601086;-645,6232939891361
114,46092412934021;1190,9241293402138
74,95793534107224;-13270,0
118,61658663775663;5346,586637756627
93,54079666841056;-13270,0
140,3893851222384;27119,385122238396
141,8751697665035;28605,169766503488
118,1180157304661;4848,015730466097
73,05642801007083;-13270,0
81,76665143521575;-13270,0
105,70140018303364;-7568,599816966359
80,1001629024713;-13270,0
95,40210298747657;-13270,0
94,05358434091904;-13270,0
130,96714309534826;17697,143095348263
102,25553170123351;-11014,468298766493
88,98237213031197;-13270,0
100,23194471778459;-13038,055282215413
104,70728839634067;-8562,711603659329
139,38180728978102;26111,80728978102
105,60444098817587;-7665,559011824133
139,8055284919549;26535,5284919549
112,17262024219843;-1097,3797578015656
113,58543255510996;315,43255510996096
92,59582476751783;-13270,0
98,36042954916375;-13270,0
110,93040019892557;-2339,5998010744315
108,11777581017559;-5152,224189824413
78,80260364305134;-13270,0
103,2343516223996;-10035,648377600399
102,46383206593548;-10806,167934064522
116,36123120430415;3091,2312043041475
100,65588110726816;-12614,118892731842
117,62310237659463;4353,10237659463
113,90044340201419;630,4434020141907
87,17835317678473;-13270,0
88,45028944068045;-13270,0
103,25701918348437;-10012,980816515626
114,36690955268647;1096,9095526864658
153,85500287153425;40585,002871534256
149,19547325825855;35925,47325825854
100,63740985430192;-12632,59014569808
114,20308604791447;933,0860479144685
117,6782043790656;4408,204379065606
106,85521741058619;-6414,782589413808
134,36123576111902;21091,235761119016
171,87142608812314;58601,426088123146
70,2748048896171;-13270,0
76,86814637249032;-13270,0
95,25050375289395;-13270,0
130,39969134271226;17129,69134271226
126,1595958879415;12889,595887941505
110,80277058439185;-2467,229415608148
86,58482785004774;-13270,0
104,7846793117408;-8485,320688259199
64,7076561597641;-13270,0
102,0824021796426;-11187,597820357401
138,43213907644972;25162,139076449712
74,87639183304505;-13270,0
93,92131020120924;-13270,0
118,7375317073199;5467,531707319904
153,45080383427526;40180,80383427526
99,36540392624991;-13270,0
97,78819464162976;-13270,0
140,75872189209787;27488,72189209787
132,79525350347254;19525,253503472537
135,50719602781012;22237,196027810125
85,25009689816048;-13270,0
109,57370919865275;-3696,2908013472497
152,27630590208108;39006,305902081076
122,15661642237197;8886,616422371968
88,89155308172174;-13270,0
90,41087607955109;-13270,0
106,52192104685716;-6748,078953142841
171,8641984625513;58594,198462551285
94,11731691708943;-13270,0
100,6045788699583;-12665,421130041697
85,83334177583824;-13270,0
117,0526901959314;3782,6901959314055
120,19487549855639;6924,875498556386
99,74271282813199;-13270,0
93,78235442604492;-13270,0
130,0117887112648;16741,788711264813
100,35572907574164;-12914,270924258364
102,12083883290137;-11149,16116709863
100,89366880214241;-12376,331197857586
104,4788784913245;-8791,121508675507
81,97168052984505;-13270,0
129,1190876451806;15849,0876451806
137,68759838118254;24417,598381182543
107,78834949065742;-5481,650509342576
93,19642577967161;-13270,0
110,89799965450399;-2372,0003454960097
140,053859626928;26783,859626927988
119,69476723874352;6424,767238743523
156,42998026700937;43159,98026700937
73,7437717780175;-13270,0
107,0701976370733;-6199,802362926694
123,20818953059486;9938,189530594864
122,55810362003999;9288,103620039987
88,24801620879119;-13270,0
146,19363150218584;32923,63150218584
123,83749431141268;10567,494311412684
107,66091809589258;-5609,081904107416
94,69144654632355;-13270,0
99,89019681149976;-13270,0
130,68744742688173;17417,447426881732
141,82194126860875;28551,941268608753
164,8101257962891;51540,1257962891
128,6598082125878;15389,808212587792
111,45686661109553;-1813,1333889044654
101,11760530769493;-12152,39469230507
144,2651781022169;30995,17810221691
98,36886343661381;-13270,0
100,96987527463793;-12300,124725362071
88,65670963900875;-13270,0
91,76363937312424;-13270,0
100,14433821805156;-13125,661781948442
96,3164375656615;-13270,0
103,65370136475688;-9616,298635243116
97,79852833141753;-13270,0
118,8525512365207;5582,551236520696
120,25848178706879;6988,4817870687875
128,5307373540075;15260,737354007499
86,3034586734442;-13270,0
124,45774796155655;11187,74796155655
77,32580131589405;-13270,0
121,88976050118374;8619,760501183744
154,08187023837436;40811,870238374366
113,41693474680848;146,93474680847976
89,78262673416455;-13270,0
84,58447923131533;-13270,0
92,77204058535854;-13270,0
126,47126169467107;13201,26169467107
90,29867816462746;-13270,0
83,82709113974113;-13270,0
118,16255799031377;4892,557990313773
161,36508335060478;48095,08335060478
107,22573977202747;-6044,260227972533
129,36514586892497;16095,14586892497
112,33327821288968;-936,7217871103185
100,38969946723752;-12880,30053276248
122,39455776848136;9124,557768481362
107,75783293401497;-5512,16706598503
82,53687657708383;-13270,0
80,92814168043108;-13270,0
85,26596917612169;-13270,0
125,27774363008464;12007,743630084642
102,57094876349338;-10699,051236506624
124,8609515539089;11590,951553908904
114,67563267502263;1405,6326750226272
100,60146213473983;-12668,537865260167
120,52340460499789;7253,404604997893
96,00106718904922;-13270,0
92,14941990380967;-13270,0
121,4402815367734;8170,2815367733965
122,51381643558868;9243,81643558868
140,78426157009974;27514,26157009974
110,21876318501623;-3051,236814983771
104,26882509058741;-9001,174909412588
85,85075611619932;-13270,0
63,64598741206387;-13270,0
100,35113952255197;-12918,860477448025
112,87012181193458;-399,8781880654187
106,36655464295389;-6903,445357046114
111,23249750342312;-2037,5024965768807
122,90840122204112;9638,40122204112
84,21585541760899;-13270,0
103,58441199788861;-9685,588002111392
122,54555846330466;9275,55846330466
127,21867289980706;13948,672899807061
97,43353185223711;-13270,0
111,05003679588843;-2219,963204111569
128,31970176187485;15049,701761874854
78,40228050316884;-13270,0
75,34626486458436;-13270,0
89,236688345098;-13270,0
104,77854315353292;-8491,456846467077
95,04780572514527;-13270,0
120,74581834288283;7475,818342882827
124,05679873296624;10786,798732966243
103,14097390454195;-10129,026095458048
109,39453287409981;-3875,4671259001916
135,81315890727134;22543,158907271347
93,5919996498847;-13270,0
167,79303831295596;54523,03831295596
105,86094134710207;-7409,05865289793
130,59510496929278;17325,104969292777
124,58972716052708;11319,727160527076
92,90760701092235;-13270,0
113,36013474776946;90,13474776946532
93,0398427795315;-13270,0
135,32482515029363;22054,825150293633
119,44204963212246;6172,049632122464
63,60154224105268;-13270,0
106,89386748495355;-6376,1325150464545
117,10932689835892;3839,326898358915
132,02987688048609;18759,876880486085
129,73271536021383;16462,71536021383
126,68998845465991;13419,98845465991
116,77196446265994;3501,9644626599365
99,97036337047662;-13270,0
87,34056209879459;-13270,0
73,4768011113703;-13270,0
124,76077450491849;11490,774504918489
102,79481493123615;-10475,185068763854
112,7816266510558;-488,37334894419837
136,71823568728877;23448,23568728877
97,11772284323702;-13270,0
120,50068332627188;7230,683326271883
118,57405368651462;5304,053686514617
109,88869771843888;-3381,302281561124
82,28059068744345;-13270,0
104,03695697976136;-9233,043020238643
109,42038026035665;-3849,619739643349
108,99504302254412;-4274,956977455877
131,52767079596896;18257,67079596896
129,48399820167026;16213,99820167026
89,83337447052449;-13270,0
113,35406795324354;84,06795324354243
116,95761036762558;3687,610367625577
103,06083246278108;-10209,16753721892
188,07960250840412;74809,60250840412
85,54967771104874;-13270,0
97,49654808682911;-13270,0
93,0662564378676;-13270,0
99,58311618565845;-13270,0
131,89239325601483;18622,393256014828
139,904714505238;26634,714505237993
103,95847378375313;-9311,526216246864
92,21321572324463;-13270,0
140,02435126488254;26754,35126488254
90,28276573230826;-13270,0
98,83411583237981;-13270,0
142,79519258362114;29525,192583621145
100,81660016516523;-12453,399834834774
135,04083234896368;21770,832348963675
101,14525573042978;-12124,74426957022
110,98283038129904;-2287,169618700962
138,93001891655672;25660,01891655672
96,12592433302422;-13270,0
122,21617241087002;8946,172410870015
136,72738306238864;23457,38306238864
126,24270416119118;12972,704161191185
105,68499169255956;-7585,0083074404365
86,84899147630183;-13270,0
128,71504274526674;15445,042745266743
106,0212986981762;-7248,701301823804
155,24219386869854;41972,19386869854
114,24524164510055;975,2416451005483
101,94625563009119;-11323,744369908813
67,34844627827594;-13270,0
79,69631345063316;-13270,0
103,09364032909829;-10176,359670901707
86,25052003625777;-13270,0
93,7189155247359;-13270,0
97,58718035228712;-13270,0
116,03765814441032;2767,658144410316
80,21685131035248;-13270,0
151,3133071131932;38043,30711319319
145,73927052497362;32469,270524973617
101,72421797601368;-11545,782023986323
97,59899251991702;-13270,0
144,9510246622969;31681,0246622969
116,10160166433377;2831,6016643337716
131,6084769991304;18338,476999130402
108,54247503287588;-4727,5249671241145
115,08664633035164;1816,6463303516412
82,41115892415975;-13270,0
126,22907006275273;12959,070062752726
120,94080829543654;7670,808295436538
87,81159792405077;-13270,0
105,98185014442146;-7288,149855578542
92,42584086733386;-13270,0
130,02286693276614;16752,866932766134
122,97230428620614;9702,304286206137
108,77509045357307;-4494,9095464269285
99,77295042081674;-13270,0
115,32863338669448;2058,633386694477
124,10597631924504;10835,976319245045
108,12302261343459;-5146,977386565414
124,71304727922812;11443,047279228122
110,05248998968065;-3217,510010319349
103,23571888719675;-10034,281112803246
128,053843006899;14783,843006899002
136,048296607938;22778,296607938
111,0237183895353;-2246,2816104646954
136,9841439748085;23714,14397480849
101,87697868246059;-11393,021317539411
82,93221482844456;-13270,0
101,55961919392934;-11710,380806070663
96,2890660404395;-13270,0
110,58345097779761;-2686,549022202389
94,66099487579639;-13270,0
82,01828844511321;-13270,0
90,41277113878049;-13270,0
91,95768065554202;-13270,0
88,29428329950198;-13270,0
96,42682014604816;-13270,0
120,71910905496985;7449,109054969849
113,5253833147067;255,38331470670164
139,0120291692852;25742,029169285197
173,74608678565363;60476,086785653635
78,94157403957583;-13270,0
89,65313243638971;-13270,0
103,54644686385012;-9723,553136149878
104,51075149495237;-8759,248505047628
85,0752140132124;-13270,0
144,7756059747289;31505,605974728904
119,64291420142341;6372,914201423409
108,80817430775404;-4461,825692245957
75,94752525985425;-13270,0
95,21679965146667;-13270,0
87,4714866260285;-13270,0
89,76255013892919;-13270,0
91,08647340844922;-13270,0
166,40419319188197;53134,193191881976
95,80555433045589;-13270,0
96,90677748288167;-13270,0
119,51053435225238;6240,53435225238
105,31532754612967;-7954,672453870334
115,92600924527763;2656,009245277626
131,03566985550475;17765,66985550475
110,56147390339012;-2708,5260966098776
123,82892241323378;10558,922413233784
93,65013060564425;-13270,0
141,36143450472568;28091,43450472568
115,99852085195353;2728,52085195353
98,8613500446345;-13270,0
132,7074127665349;19437,4127665349
91,33847739960387;-13270,0
107,78050774730401;-5489,492252695985
156,86140668474997;43591,40668474996
101,6659957023251;-11604,004297674895
98,66491237760863;-13270,0
110,42080076806988;-2849,199231930119
88,72496963914533;-13270,0
99,02326058143016;-13270,0
105,48400489651257;-7785,995103487427
146,26738650808463;32997,38650808463
106,28370200569444;-6986,297994305563
101,82660828169692;-11443,391718303079
90,92871547986213;-13270,0
74,34077063502392;-13270,0
95,7812903519886;-13270,0
95,50206712041435;-13270,0
128,57603526195896;15306,035261958965
65,71949266558605;-13270,0
101,47376637658574;-11796,233623414257
95,64723759243644;-13270,0
124,21590860137756;10945,908601377563
131,27566062501873;18005,66062501873
91,07181165179875;-13270,0
133,6055739025522;20335,573902552205
152,037206214997;38767,206214997015
99,09264848930184;-13270,0
166,029851221295;52759,851221294986
128,99121739959557;15721,21739959557
88,73651513082734;-13270,0
99,17471510573455;-13270,0
108,0220035246453;-5247,996475354701
130,6806260054014;17410,626005401395
65,1195417105405;-13270,0
143,91312273925396;30643,122739253966
77,41117604146459;-13270,0
132,9897068257735;19719,706825773508
120,56588310758691;7295,883107586913
124,78847829670046;11518,478296700461
111,26410510616634;-2005,8948938336598
96,3642541124215;-13270,0
198,3141952828674;85044,19528286738
71,70258901715732;-13270,0
94,58135593436249;-13270,0
112,93972860445282;-330,2713955471754
114,93953115635924;1669,5311563592368
138,99390998810514;25723,909988105144
134,10775046954768;20837,750469547682
106,90439846617164;-6365,601533828358
77,64666976827144;-13270,0
95,72932576886095;-13270,0
94,27400429326866;-13270,0
97,20295528017499;-13270,0
115,06744029701403;1797,4402970140309
73,35900898504012;-13270,0
122,64389653478433;9373,896534784333
159,09994166784648;45829,94166784648
92,10523788038375;-13270,0
139,36199860480937;26091,99860480937
145,69260884179894;32422,608841798945
146,30759200559413;33037,59200559413
107,1525520664869;-6117,447933513095
131,50742997407718;18237,429974077182
154,55281396784912;41282,81396784912
64,19044192298998;-13270,0
157,95827137594978;44688,27137594978
123,52422410618458;10254,224106184574
88,63217011069146;-13270,0
131,5549743143148;18284,97431431479
118,32793280110279;5057,93280110279
83,88244443720274;-13270,0
72,3204894819782;-13270,0
117,6997305723955;4429,730572395496
119,68779889919976;6417,798899199763
98,00253805000175;-13270,0
160,0869292310135;46816,9292310135
128,05031998514661;14780,319985146616
124,81027124111266;11540,27124111266
108,77039088206163;-4499,609117938366
85,01555102487768;-13270,0
115,65145465773494;2381,4546577349447
137,82678861208535;24556,78861208535
98,91399950980751;-13270,0
127,63938800640871;14369,38800640871
96,70825007239122;-13270,0
116,79161878749436;3521,618787494357
127,96559920663462;14695,599206634623
110,31177369308729;-2958,226306912711
131,4409092546313;18170,909254631293
123,58669978178196;10316,699781781961
97,822161023606;-13270,0
104,95702195283614;-8312,978047163857
95,97081502446346;-13270,0
151,4993788765737;38229,3788765737
163,46324161156937;50193,24161156937
96,58988043140157;-13270,0
111,00760415719144;-2262,3958428085625
110,48410985654931;-2785,8901434506897
92,68415938357725;-13270,0
96,47596092583937;-13270,0
80,8582822179178;-13270,0
114,145978720307;875,9787203069991
78,73372057717994;-13270,0
112,81660871820591;-453,39128179408726
118,39917704054194;5129,177040541945
146,7623847773031;33492,38477730311
110,4062302597397;-2863,769740260299
140,37325180281482;27103,25180281482
94,4585314243946;-13270,0
110,08366690970553;-3186,3330902944726
93,51302782299832;-13270,0
83,97916575805317;-13270,0
111,6092849154098;-1660,7150845901979
110,4694160654127;-2800,583934587299
126,25408990915052;12984,089909150523
86,88582907243088;-13270,0
120,87826395720718;7608,263957207182
108,6904743032439;-4579,525696756096
107,03627171446615;-6233,728285533847
92,92078712303574;-13270,0
122,48858734889497;9218,587348894966
80,7191898753332;-13270,0
84,57305799910694;-13270,0
150,0796959654401;36809,69596544009
120,58069188480142;7310,691884801425
81,46041761980594;-13270,0
88,21302002612836;-13270,0
139,55054838540423;26280,548385404225
105,56144043757169;-7708,55956242831
116,31676940179875;3046,7694017987524
122,5610434242566;9291,043424256597
164,74204690038889;51472,04690038889
89,83858542533211;-13270,0
147,8666133976702;34596,61339767019
122,2166174801083;8946,617480108296
124,13128443925598;10861,284439255978
92,32665951121085;-13270,0
109,61678313602678;-3653,216863973217
133,06889947177234;19798,89947177234
109,96863249503299;-3301,3675049670073
129,20594401782049;15935,944017820486
122,106963844177;8836,963844177004
112,7045087417427;-565,4912582572997
75,69574249917265;-13270,0
115,11543322080051;1845,4332208005108
98,90838697215287;-13270,0
75,31028308799509;-13270,0
108,95291091280998;-4317,089087190017
153,35801815940437;40088,01815940437
86,43793100491482;-13270,0
107,55207857977022;-5717,921420229775
93,66642595514993;-13270,0
114,66304135385718;1393,041353857181
106,09108033137989;-7178,919668620115
117,9958869349741;4725,886934974096
95,79905366962174;-13270,0
106,13725126668785;-7132,748733312145
73,46061979014313;-13270,0
128,15048056167902;14880,480561679018
99,9974585304702;-13270,0
101,58556290057244;-11684,43709942756
79,69957439041109;-13270,0
97,1845590020099;-13270,0
75,47137352059246;-13270,0
117,91782221446705;4647,822214467051
106,16368949307157;-7106,3105069284275
108,71629818180477;-4553,701818195226
89,52336127219482;-13270,0
80,28619138889756;-13270,0
118,92431580696731;5654,315806967315
96,75038168450098;-13270,0
118,63512154258112;5365,121542581117
105,5828400720896;-7687,159927910405
117,89731413693;4627,3141369300065
95,46795645505011;-13270,0
55,133202477322385;-13270,0
99,98803753472345;-13270,0
77,28956023388358;-13270,0
95,91203812819938;-13270,0
100,88895616224298;-12381,043837757023
119,48469195085976;6214,691950859757
100,81606636271754;-12453,933637282465
81,93848899938833;-13270,0
109,7871478935704;-3482,8521064295946
94,34602386122147;-13270,0
159,73448446796982;46464,48446796982
105,09181915508037;-8178,180844919627
116,39035097283188;3120,3509728318822
104,64701145925454;-8622,988540745457
117,98734073143926;4717,340731439261
105,58120626217418;-7688,793737825823
89,76664120817549;-13270,0
107,22808368779928;-6041,916312200716
115,76770973131096;2497,709731310959
141,4158850131155;28145,885013115512
153,47644147425845;40206,44147425845
119,30268266701194;6032,682667011937
84,22188287819108;-13270,0
101,93740222706928;-11332,597772930716
122,96266739249387;9692,66739249387
121,17695871992473;7906,958719924725
108,68421651340847;-4585,783486591528
109,2349687535469;-4035,0312464531053
120,77395495704305;7503,954957043046
132,30778544646947;19037,78544646947
108,6825720095805;-4587,427990419503
85,12014800296846;-13270,0
153,01409995520885;39744,09995520885
137,57548554082064;24305,485540820635
171,99078716784834;58720,787167848335
134,37159560523622;21101,595605236223
94,13419714089116;-13270,0
83,23898437279097;-13270,0
91,01432322674445;-13270,0
84,05416837887945;-13270,0
129,61481505822388;16344,815058223881
136,62045267645576;23350,452676455752
111,30856563869102;-1961,4343613089786
93,67565025722612;-13270,0
87,54612282012107;-13270,0
117,86553539608609;4595,535396086088
98,51943248004066;-13270,0
107,65291076963548;-5617,089230364517
76,0850730178479;-13270,0
79,18281342963144;-13270,0
117,02350094936503;3753,5009493650286
126,61392372458022;13343,923724580218
133,06462096998925;19794,62096998925
80,53994658476036;-13270,0
131,3842125690207;18114,21256902069
150,0202793637263;36750,2793637263
83,45075199405638;-13270,0
95,75633993822893;-13270,0
104,66645685887674;-8603,543141123257
145,25705561206945;31987,055612069453
111,96091757739157;-1309,0824226084296
105,4308589514871;-7839,141048512904
77,65093067913651;-13270,0
111,94508324686711;-1324,9167531328858
94,59882924155885;-13270,0
159,61010371525256;46340,10371525256
156,64389485497875;43373,89485497875
142,6661803908195;29396,180390819507
107,96529295237352;-5304,7070476264835
66,54157006409923;-13270,0
115,05286529916332;1782,8652991633153
120,91230621911532;7642,306219115322
148,4706638265672;35200,6638265672
130,02770469830048;16757,704698300484
118,40232086058045;5132,320860580447
109,01044150865636;-4259,558491343643
97,754307312095;-13270,0
125,27013842637793;12000,138426377925
105,40457700103462;-7865,422998965376
103,62973340836142;-9640,266591638583
84,89081749399125;-13270,0
117,98076675793503;4710,766757935031
85,65237112454905;-13270,0
86,12667374326757;-13270,0
80,7266452919648;-13270,0
106,24011979667426;-7029,880203325736
95,94647289446178;-13270,0
81,54065919718488;-13270,0
149,99518393270083;36725,18393270083
118,60354611835224;5333,546118352242
99,61199049828042;-13270,0
106,74488930958161;-6525,110690418391
157,83835031966638;44568,35031966637
110,11270543826599;-3157,29456173401
98,59620240124804;-13270,0
167,5584950231158;54288,4950231158
91,17187218798149;-13270,0
88,67765589951068;-13270,0
123,43549927565624;10165,499275656242
105,88290879712157;-7387,091202878427
136,29424251604883;23024,242516048827
93,40779870281919;-13270,0
79,70873365353478;-13270,0
87,72629577347358;-13270,0
122,7629746827583;9492,974682758297
107,01615895145768;-6253,8410485423165
104,28759959031295;-8982,400409687049
73,59581819453281;-13270,0
120,11570958836198;6845,70958836198
97,03357478866566;-13270,0
111,85812524937806;-1411,874750621937
106,57442525076641;-6695,57474923359
99,76086011986688;-13270,0
120,04964807612947;6779,648076129473
97,71321118702276;-13270,0
69,14218644310264;-13270,0
141,08262364278423;27812,62364278423
103,85735702745254;-9412,642972547463
115,10447235911214;1834,4723591121365
106,36062898351577;-6909,371016484233
98,001107161118;-13270,0
100,8125188869065;-12457,481113093498
120,11648901124225;6846,489011242251
71,78142994272179;-13270,0
133,17792362302455;19907,92362302455
99,42802516811975;-13270,0
106,57737901218628;-6692,620987813715
104,45867805883545;-8811,321941164555
98,92647911433342;-13270,0
96,59747744654028;-13270,0
86,35464396553417;-13270,0
111,69767642250264;-1572,3235774973618
124,35402227763433;11084,022277634329
95,38635312954659;-13270,0
74,87405603747861;-13270,0
110,44530999898028;-2824,6900010197223
117,83137147468791;4561,371474687912
97,05269666099173;-13270,0
101,41671620715043;-11853,28379284957
80,66677748969467;-13270,0
111,00285724288644;-2267,1427571135646
124,50387523288722;11233,875232887225
101,08290289450912;-12187,097105490882
136,01389710531936;22743,89710531936
95,5205243932799;-13270,0
124,52410556615688;11254,105566156875
116,27758547078042;3007,585470780423
86,81785026099014;-13270,0
94,74452954380646;-13270,0
122,39046231203812;9120,462312038126
117,75597720007663;4485,977200076628
101,55387097010542;-11716,129029894579
86,4692859011489;-13270,0
154,93925106707644;41669,25106707644
129,18227355464913;15912,273554649128
124,00621764736681;10736,217647366811
114,16542493846032;895,424938460319
122,648812488619;9378,812488619002
108,16769600634785;-5102,303993652147
112,2565142996804;-1013,4857003195957
128,0743551833136;14804,3551833136
99,68077724147764;-13270,0
115,22288827004816;1952,888270048159
103,63134154034066;-9638,658459659344
99,17783228624572;-13270,0
106,90879598741378;-6361,204012586218
104,56417616745976;-8705,823832540238
103,04998583058278;-10220,014169417216
99,78306526898028;-13270,0
95,91802189046841;-13270,0
93,27930071463328;-13270,0
107,2316285622567;-6038,371437743298
123,8995696871088;10629,569687108793
98,99030809353995;-13270,0
136,88147775652143;23611,47775652143
128,4561973237904;15186,197323790406
119,17375788723581;5903,75788723581
112,75680762925295;-513,1923707470523
93,5525898305524;-13270,0
111,79807410601074;-1471,9258939892552
107,1214974969253;-6148,502503074699
82,77376004480965;-13270,0
104,45989150697909;-8810,108493020909
90,7971593176197;-13270,0
105,91485956401787;-7355,140435982126
136,11159994193673;22841,59994193673
79,07823502163247;-13270,0
157,6091115780516;44339,1115780516
147,0275841975604;33757,5841975604
120,89798139447761;7627,981394477611
95,34232747635795;-13270,0
108,32485367833642;-4945,146321663575
104,56545439050318;-8704,545609496823
169,79221903148033;56522,21903148033
86,43334754916438;-13270,0
98,09259094678681;-13270,0
141,49060303222961;28220,603032229614
73,60091390101748;-13270,0
95,42659385057975;-13270,0
110,12569970530173;-3144,3002946982724
100,68724212702848;-12582,757872971517
79,68984180472594;-13270,0
68,95855959170567;-13270,0
107,44119841727063;-5828,801582729373
142,12204817075687;28852,04817075687
81,05499831139628;-13270,0
126,21300060152214;12943,00060152214
105,74426122928493;-7525,738770715069
91,39871314953649;-13270,0
134,20113713808854;20931,13713808854
104,98341404688148;-8286,585953118522
138,5340113272093;25264,0113272093
134,29238379619454;21022,38379619454
138,99694518748288;25726,94518748288
136,880539530209;23610,539530209004
117,75705270952636;4487,052709526364
161,4278141441383;48157,8141441383
165,46082782926345;52190,82782926345
105,84914749387984;-7420,85250612016
139,19039510187417;25920,39510187417
140,28363284962728;27013,632849627284
123,58701942135137;10317,019421351371
69,21444434850595;-13270,0
140,2013681263449;26931,368126344903
86,49612481214109;-13270,0
112,45676588328055;-813,2341167194463
100,59215563614765;-12677,844363852348
94,00050757278929;-13270,0
106,08421354448036;-7185,786455519637
129,0446250888607;15774,6250888607
103,64523956757627;-9624,76043242373
116,51745694765852;3247,4569476585166
117,05237184500984;3782,371845009846
122,63296117490286;9362,961174902859
111,2850885037764;-1984,9114962236072
96,36573879676065;-13270,0
92,99261943098986;-13270,0
116,74408020117843;3474,0802011784326
84,73861187523502;-13270,0
127,89779249629044;14627,792496290436
92,27911030470912;-13270,0
103,36258652119056;-9907,413478809434
100,84613592716258;-12423,864072837421
99,23582241647362;-13270,0
119,70652944068667;6436,529440686667
82,13351209887202;-13270,0
107,6731023894416;-5596,897610558404
154,77560318235058;41505,60318235058
93,19453114032076;-13270,0
158,78340593748166;45513,40593748166
102,61430190315805;-10655,698096841948
147,94346868983206;34673,46868983206
105,22424601988251;-8045,753980117486
103,76512624054834;-9504,873759451659
126,49422690586016;13224,22690586016
102,30601063677913;-10963,989363220866
118,20869135021994;4938,691350219935
127,28865858254888;14018,658582548876
90,27167074005452;-13270,0
97,69166284708109;-13270,0
84,4452160932383;-13270,0
109,83502164537946;-3434,9783546205435
130,25775053602476;16987,75053602476
132,45859734769192;19188,59734769192
109,07466499741139;-4195,33500258861
134,6539385208886;21383,9385208886
111,11626408541457;-2153,73591458543
126,2445421547921;12974,5421547921
101,62260709431462;-11647,392905685383
150,103247841375;36833,24784137501
98,12633601605782;-13270,0
96,37188307510378;-13270,0
110,97035745204786;-2299,6425479521367
111,07142122742121;-2198,5787725787886
137,57076475525446;24300,76475525446
92,43957097747187;-13270,0
98,70542392899796;-13270,0
92,69079840872017;-13270,0
77,05748750242164;-13270,0
86,19437697809266;-13270,0
71,57660340236141;-13270,0
93,04512773320036;-13270,0
109,81734617783219;-3452,6538221678074
101,83529119340562;-11434,708806594375
115,12242241952491;1852,4224195249099
94,5811337257236;-13270,0
141,197124180263;27927,12418026299
134,555155447715;21285,155447715006
120,3860824289261;7116,0824289261
118,37370717703524;5103,707177035241
115,62734888387303;2357,3488838730264
107,21855187868508;-6051,448121314924
97,43377333515049;-13270,0
86,3568905074956;-13270,0
153,29783564400347;40027,83564400347
136,45461247001413;23184,612470014123
98,15380616695084;-13270,0
109,2899070183829;-3980,0929816170938
94,61970203545779;-13270,0
135,71898664454218;22448,986644542187
130,90315753141786;17633,157531417863
87,15361677611962;-13270,0
85,51770106289418;-13270,0
84,49534681276438;-13270,0
104,87560785600411;-8394,39214399589
71,74667620646734;-13270,0
119,2697863224603;5999,786322460306
115,3513782803219;2081,3782803218965
69,05601301306824;-13270,0
80,96929406073976;-13270,0
104,11990101334709;-9150,09898665291
107,58670607656957;-5683,29392343043
90,70768065996167;-13270,0
158,9138419931712;45643,84199317119
86,67210021535108;-13270,0
93,04906677351974;-13270,0
80,34610286666312;-13270,0
154,71089410438182;41440,89410438182
115,89176968571624;2621,769685716241
129,4121762934271;16142,17629342711
113,63029843624595;360,29843624595196
121,21969700377761;7949,697003777612
110,01830751797328;-3251,692482026716
165,2238922884191;51953,892288419105
71,67323696447158;-13270,0
96,30320570266824;-13270,0
112,86240979074817;-407,5902092518263
102,0386906051724;-11231,309394827595
110,96947080450907;-2300,529195490928
111,65770420067467;-1612,2957993253276
113,21988660630441;-50,11339369558664
128,4799306861963;15209,930686196298
149,6518406458068;36381,8406458068
99,93715133152976;-13270,0
89,70643464873386;-13270,0
159,68456092759996;46414,56092759996
91,48187298076806;-13270,0
69,61571127325577;-13270,0
108,63813724220684;-4631,862757793162
98,26635345685553;-13270,0
113,25610581915366;-13,894180846340532
85,18619689859344;-13270,0
81,31420280603106;-13270,0
89,90873607380318;-13270,0
99,91396214754839;-13270,0
163,2777757106507;50007,7757106507
107,36236986655405;-5907,630133445953
90,43551634872098;-13270,0
106,44140499856718;-6828,595001432821
129,0574700600541;15787,4700600541
118,72951148924169;5459,511489241686
153,94738846950713;40677,38846950713
102,95704556726318;-10312,95443273682
134,10721404794361;20837,214047943613
128,62737193178054;15357,371931780544
88,36056699973781;-13270,0
74,07183694917597;-13270,0
133,4338761443344;20163,87614433439
63,45697596247971;-13270,0
125,91870037812802;12648,700378128022
115,62338799194391;2353,387991943915
117,0871855090392;3817,185509039202
88,03521425205524;-13270,0
87,27157958269707;-13270,0
105,38537192847323;-7884,628071526767
97,79861392783151;-13270,0
105,46978325191829;-7800,216748081713
147,06816378109284;33798,16378109284
100,56713903619566;-12702,860963804345
90,8147563899486;-13270,0
140,94274797940852;27672,747979408523
109,4494110936252;-3820,588906374798
123,69704048074304;10427,040480743042
92,47395007973965;-13270,0
99,56586939993491;-13270,0
125,56763453449548;12297,634534495483
93,01474379485104;-13270,0
87,15400989792691;-13270,0
122,06694466444432;8796,94466444432
96,62835052659511;-13270,0
59,138759183160126;-13270,0
105,36666393438084;-7903,336065619162
85,43399194674457;-13270,0
78,56605973232524;-13270,0
99,80707574161748;-13270,0
108,58581430278926;-4684,18569721074
126,89268184913765;13622,681849137643
111,13191856836191;-2138,0814316380893
97,72885104308268;-13270,0
108,52993624506655;-4740,06375493345
128,32876086161957;15058,760861619572
111,45635458604666;-1813,6454139533416
89,49935140744297;-13270,0
85,6445305093319;-13270,0
90,39067074940014;-13270,0
123,20208093012195;9932,080930121952
102,51113942041717;-10758,860579582833
101,02073259248199;-12249,26740751801
82,40442349080574;-13270,0
119,77180860130869;6501,80860130869
123,40091839313452;10130,918393134518
139,71575684226832;26445,756842268318
154,24490221798573;40974,90221798573
97,62335052364254;-13270,0
109,96833694541952;-3301,6630545804765
137,85534212022486;24585,342120224865
108,97631827057599;-4293,681729424012
141,0148007494795;27744,800749479487
90,10229365962999;-13270,0
74,61380704880432;-13270,0
108,46229165092487;-4807,708349075132
128,8273969534249;15557,396953424908
65,97313280081364;-13270,0
86,26867102631286;-13270,0
104,54838355359924;-8721,616446400763
105,56119686684195;-7708,803133158046
103,85696658876269;-9413,033411237311
112,45986310806828;-810,1368919317229
103,42617954720244;-9843,820452797563
75,03273061121082;-13270,0
143,16861454880353;29898,614548803533
125,06339836512888;11793,398365128876
137,5280665737816;24258,066573781587
110,46699592406854;-2803,004075931458
108,14788870903496;-5122,111290965041
96,27160397248879;-13270,0
94,42118956004863;-13270,0
94,84103362146556;-13270,0
96,28665599799032;-13270,0
139,47642749341028;26206,427493410287
106,96916092286781;-6300,839077132186
86,7235379843819;-13270,0
77,90483175847821;-13270,0
111,28055159355823;-1989,4484064417702
67,09650788158396;-13270,0
134,10918437420912;20839,184374209122
107,23745077837921;-6032,549221620788
139,66295593235512;26392,955932355115
76,78627248031152;-13270,0
83,67477835196338;-13270,0
110,19443293316809;-3075,5670668319126
123,65031987250974;10380,319872509739
107,024734426915;-6245,2655730849965
147,6506696575652;34380,6696575652
60,247613972928036;-13270,0
84,68963873141904;-13270,0
94,62603977501102;-13270,0
94,03186707940738;-13270,0
88,59564866050343;-13270,0
99,51265989942179;-13270,0
95,7975005897664;-13270,0
71,97879425994962;-13270,0
109,59055561818494;-3679,444381815063
90,96744645681508;-13270,0
114,5528645349902;1282,8645349902072
118,568401756278;5298,401756278006
130,7531101121465;17483,11011214649
104,95067094799957;-8319,32905200043
72,80632272072876;-13270,0
92,32387525440339;-13270,0
118,24218445632695;4972,1844563269515
104,62664299477149;-8643,357005228514
89,2065193701009;-13270,0
112,86966740333628;-400,3325966637203
170,02598452953066;56755,98452953066
77,23504088027053;-13270,0
108,53031164135155;-4739,688358648455
126,44239729477566;13172,39729477566
146,46291603993822;33192,91603993822
68,45158810063414;-13270,0
94,71112899898648;-13270,0
104,91073117921917;-8359,268820780831
98,99254429698027;-13270,0
132,50464341637792;19234,643416377916
86,04275947370013;-13270,0
88,25604241997152;-13270,0
96,18734288079844;-13270,0
105,7381511026984;-7531,848897301605
111,07552935637392;-2194,4706436260803
119,43569637830325;6165,696378303248
101,79101936536681;-11478,980634633193
95,79345236427883;-13270,0
113,90950301199005;639,5030119900548
139,9290017895969;26659,001789596892
103,44092999369204;-9829,070006307962
115,43194593456188;2161,9459345618816
201,16970989499356;87899,70989499356
155,02138008812676;41751,38008812676
76,37127918581362;-13270,0
92,72027401553545;-13270,0
162,83626750117315;49566,267501173155
130,52281375846164;17252,813758461638
113,44870998125145;178,70998125145343
94,61272550852684;-13270,0
110,07047561645268;-3199,5243835473175
104,00142684572968;-9268,573154270318
128,9891984057346;15719,198405734613
123,52618564871716;10256,18564871716
100,41036128340706;-12859,638716592945
115,74766976841329;2477,6697684132887
143,44412021170737;30174,12021170737
113,84037365824635;570,3736582463498
153,69891645570587;40428,91645570587
91,35236958693464;-13270,0
99,56161679016473;-13270,0
122,32253021489284;9052,530214892835
147,79982271393192;34529,82271393192
121,09331495975475;7823,314959754749
80,47080736114603;-13270,0
100,43883097661353;-12831,169023386468
94,19871369642512;-13270,0
100,81272899364552;-12457,271006354478
99,99235162269271;-13270,0
141,05762916524938;27787,629165249382
93,29015545596687;-13270,0
102,78812781495998;-10481,872185040022
112,20532486315544;-1064,6751368445603
109,00527506330597;-4264,724936694027
108,70032603791144;-4569,673962088562
104,02512481424517;-9244,875185754827
93,52794041628636;-13270,0
107,41954134184131;-5850,45865815869
112,72432194971178;-545,6780502882211
92,62735133163841;-13270,0
135,35637787203189;22086,377872031888
109,2444134824956;-4025,586517504398
132,50000637909386;19230,006379093862
95,68167495414069;-13270,0
130,7239974969688;17453,997496968794
104,2177026452989;-9052,2973547011
138,36847503890118;25098,475038901182
98,15711624184324;-13270,0
98,55208792209844;-13270,0
93,00515461443536;-13270,0
124,96140690366042;11691,40690366042
123,52916481048595;10259,164810485952
96,67921238581066;-13270,0
129,56881847590626;16298,818475906257
108,7579842085707;-4512,015791429296
81,42705376886951;-13270,0
98,0202697951897;-13270,0
106,14533148414067;-7124,668515859331
107,41315686954209;-5856,843130457908
144,2013861439202;30931,386143920186
108,76797124341786;-4502,028756582138
158,71158012522778;45441,58012522778
105,16375553179635;-8106,244468203646
108,88375493359503;-4386,245066404972
89,32543548520168;-13270,0
102,26853121908333;-11001,468780916672
68,28070752558551;-13270,0
146,42455538858556;33154,55538858556
103,22400516551195;-10045,994834488047
200,7745527710142;87504,55277101422
97,41119464429505;-13270,0
111,28405065458709;-1985,9493454129097
70,54389313308599;-13270,0
103,9977836311772;-9272,216368822801
114,81052677197022;1540,526771970217
75,50693595052357;-13270,0
106,14083676509864;-7129,16323490136
124,47716039360743;11207,160393607435
139,21549717003217;25945,497170032162
135,23199716029873;21961,997160298735
110,73302206088886;-2536,977939111144
116,64733128054058;3377,331280540584
85,34873101160359;-13270,0
77,48412765604746;-13270,0
101,74107323263692;-11528,926767363078
146,4283569405771;33158,35694057709
101,78726592954035;-11482,734070459646
117,66503761581694;4395,037615816942
127,16991678796067;13899,916787960672
104,956733739327;-8313,266260672994
122,66952415128294;9399,524151282942
151,19614446693163;37926,144466931626
113,93583718493672;665,8371849367159
138,3081917859191;25038,191785919094
108,21827210621903;-5051,727893780968
114,40329411042396;1133,2941104239562
118,65786841674024;5387,8684167402425
107,82118373267586;-5448,816267324138
124,38755652296267;11117,55652296267
120,0754605544347;6805,4605544347
125,09705443073638;11827,054430736378
106,94517062230263;-6324,829377697373
122,42258720460713;9152,587204607127
109,69418936406146;-3575,810635938542
80,31016832473252;-13270,0
119,81031217788802;6540,312177888023
73,58622401572549;-13270,0
93,50754525400005;-13270,0
111,59308292532269;-1676,9170746773088
139,45644788397823;26186,44788397823
92,80934381196934;-13270,0
118,64509735307311;5375,0973530731135
109,97785293603152;-3292,147063968476
153,0161579797741;39746,15797977411
106,11222120103507;-7157,7787989649305
117,5785969682757;4308,596968275706
149,6825315070195;36412,53150701949
122,04379922265976;8773,799222659756
118,22529575173404;4955,2957517340365
112,58236101803232;-687,6389819676842
75,87110415008085;-13270,0
88,28578916065838;-13270,0
89,52168981684228;-13270,0
150,3381773626291;37068,177362629096
101,26935959228582;-12000,640407714176
144,99389519808815;31723,895198088154
116,62667980016211;3356,67980016211
92,03293898571182;-13270,0
108,2363125730486;-5033,687426951406
73,95959161643509;-13270,0
129,3816087627132;16111,6087627132
110,91215573958466;-2357,844260415337
103,55111299860708;-9718,887001392919
91,89387342939098;-13270,0
106,37550659026415;-6894,493409735848
145,854699593528;32584,699593528014
80,39156910425694;-13270,0
58,909637832836225;-13270,0
92,95699679502802;-13270,0
89,00492234833695;-13270,0
101,55648068066043;-11713,519319339572
128,19169203210825;14921,69203210825
114,2770900895874;1007,0900895874038
131,43305263180443;18163,05263180443
108,01339646669757;-5256,603533302428
96,86448979801776;-13270,0
89,87338449371201;-13270,0
83,68772432792233;-13270,0
98,28781513622471;-13270,0
87,29825141740622;-13270,0
99,53415796523942;-13270,0
118,82171526071255;5551,71526071255
82,98451790105351;-13270,0
112,57758070466741;-692,4192953325874
116,43068652799391;3160,686527993912
73,1547655270955;-13270,0
119,8664534108657;6596,453410865703
104,87170999118935;-8398,29000881065
90,75825598248056;-13270,0
107,69909372696912;-5570,906273030876
94,13662688110097;-13270,0
105,63246355769105;-7637,536442308946
105,59002979093243;-7679,970209067566
92,86578457373848;-13270,0
119,23777018118406;5967,77018118406
166,01130481547852;52741,30481547852
114,93225000659595;1662,2500065959503
97,55431486503669;-13270,0
136,27583772441517;23005,83772441517
105,19806457528232;-8071,935424717683
169,2027043960132;55932,704396013185
158,75882372975573;45488,823729755735
118,73215078084894;5462,1507808489405
103,78392157573143;-9486,078424268573
112,41559729766631;-854,4027023336912
127,6526984688115;14382,698468811494
131,0125162493477;17742,516249347696
153,29077319050464;40020,77319050464
89,58902765150269;-13270,0
115,4726908842936;2202,690884293599
95,80279921089837;-13270,0
123,87646278195056;10606,462781950566
88,4953130717717;-13270,0
118,30177480301384;5031,774803013843
71,10167531330447;-13270,0
131,93057359643709;18660,573596437087
152,66861667090274;39398,61667090274
129,0572921213035;15787,292121303504
152,39533472538963;39125,33472538963
100,36293558856893;-12907,064411431069
120,6491554232656;7379,155423265598
92,84954792416961;-13270,0
129,41697503257805;16146,975032578051
108,48365668867234;-4786,343311327659
87,2264017796277;-13270,0
97,73112254891691;-13270,0
110,68221806299137;-2587,7819370086327
90,1740351509309;-13270,0
88,23296597825615;-13270,0
94,49304464233921;-13270,0
78,7282851746373;-13270,0
124,36281555163937;11092,81555163937
133,41131505305367;20141,315053053673
126,13180042298005;12861,80042298005
95,08117417877445;-13270,0
84,31111312424187;-13270,0
100,52777128367813;-12742,228716321864
111,73978393641357;-1530,2160635864275
84,5127189020497;-13270,0
105,47743154838831;-7792,56845161169
95,0867869062478;-13270,0
118,66904631388533;5399,04631388533
81,49342766403073;-13270,0
117,87307483851386;4603,074838513858
75,84266428393373;-13270,0
120,91436681169657;7644,366811696567
101,03259479873854;-12237,405201261456
74,13698845520041;-13270,0
105,90726883649988;-7362,731163500119
126,9745677846152;13704,567784615203
93,52180400986387;-13270,0
83,9787038532086;-13270,0
135,44465998658518;22174,659986585182
87,33535076904562;-13270,0
126,59685872225069;13326,858722250687
102,36237684920594;-10907,623150794056
127,24660041807141;13976,600418071408
92,08038448647781;-13270,0
98,76719344897167;-13270,0
128,13833941997083;14868,339419970835
125,40723476984923;12137,234769849227
88,44643910002223;-13270,0
110,72849061397764;-2541,5093860223587
96,89921031785079;-13270,0
92,14307321619766;-13270,0
111,29871717776838;-1971,2828222316184
104,58476856271304;-8685,231437286962
112,2086146116215;-1061,3853883785014
117,2363060899513;3966,3060899513002
111,38545898464788;-1884,541015352117
166,07288242865195;52802,88242865195
97,13722394780356;-13270,0
177,4349077328367;64164,90773283671
119,05747318308374;5787,4731830837445
102,70669209230338;-10563,307907696615
90,25807995793166;-13270,0
89,56567139341031;-13270,0
97,28951080809748;-13270,0
105,30391932923979;-7966,0806707602105
121,20268381162158;7932,683811621584
103,4537213980295;-9816,278601970498
106,33048963358804;-6939,510366411956
106,08412743268123;-7185,872567318772
115,24374701248428;1973,7470124842766
113,92559104857554;655,5910485755412
128,7265059269636;15456,505926963597
125,20730222272883;11937,302222728827
87,73295719491702;-13270,0
126,00863761076626;12738,637610766258
112,77265952236084;-497,3404776391599
56,16930036512665;-13270,0
106,51373738633279;-6756,262613667208
105,37043840649969;-7899,5615935003125
133,1910426536412;19921,042653641205
70,90389753088114;-13270,0
100,3629753097584;-12907,024690241602
99,30903998066907;-13270,0
88,92980885050738;-13270,0
105,32531645744602;-7944,683542553978
107,6944910004316;-5575,508999568403
73,94170535105837;-13270,0
149,85604220909985;36586,042209099855
76,74199477016165;-13270,0
82,73027073367143;-13270,0
97,14240304246185;-13270,0
95,13962894913716;-13270,0
113,2911298964892;21,129896489195744
112,70032515928732;-569,6748407126834
116,51878066306733;3248,780663067333
79,93923009682464;-13270,0
74,94331272349149;-13270,0
85,60965586388717;-13270,0
100,73987964372387;-12530,120356276133
107,2328552231498;-6037,144776850202
120,1350531595354;6865,053159535404
85,74380626895088;-13270,0
141,9452257897248;28675,22578972479
91,64946478644063;-13270,0
101,67874804665892;-11591,251953341076
115,10893288156987;1838,93288156987
119,99365873657237;6723,658736572372
127,36967336483427;14099,67336483427
104,82134676115258;-8448,653238847417
107,55007958450835;-5719,920415491647
108,40363815162468;-4866,3618483753235
99,5132089503917;-13270,0
103,54171347056045;-9728,286529439547
77,92358972343236;-13270,0
122,016197345909;8746,197345909008
113,30767375632287;37,67375632287076
118,69360997552229;5423,609975522293
84,25138623098167;-13270,0
103,53972074219536;-9730,279257804643
106,41879295359678;-6851,207046403222
82,07593206382722;-13270,0
82,63755287225845;-13270,0
125,26937874629478;11999,378746294777
137,6937424175559;24423,742417555914
120,23330146713096;6963,3014671309575
79,18037140153045;-13270,0
118,52843781287734;5258,437812877342
77,10496080051576;-13270,0
94,87592086795715;-13270,0
97,66799329364837;-13270,0
115,15316424738306;1883,1642473830598
76,12773049721481;-13270,0
134,6892217519675;21419,221751967496
72,43121889886123;-13270,0
79,6051938313621;-13270,0
106,02693720165001;-7243,062798349985
122,63297002631349;9362,970026313487
138,07051007690094;24800,510076900944
110,82677931807564;-2443,220681924362
86,88911216681583;-13270,0
68,61956850189722;-13270,0
106,54874623643408;-6721,2537635659155
105,55736423046396;-7712,635769536039
122,9490850213512;9679,085021351195
114,12545918359336;855,4591835933643
89,93987427196683;-13270,0
77,76737289055431;-13270,0
97,52747080633395;-13270,0
103,4319845897337;-9838,015410266298
127,33313556679879;14063,135566798788
102,17840605117212;-11091,593948827882
125,40263486360446;12132,63486360446
68,22567539491129;-13270,0
73,44016124467655;-13270,0
107,98461371996831;-5285,386280031691
86,24954160979044;-13270,0
83,38951932044995;-13270,0
116,97354677889491;3703,5467788949136
118,09059412923682;4820,594129236819
105,2208019327041;-8049,198067295894
150,37795935788324;37107,95935788324
136,18988738199187;22919,887381991866
129,9887676689892;16718,767668989196
101,71263869639218;-11557,361303607824
88,65764669001119;-13270,0
95,41837472750233;-13270,0
85,92781144883737;-13270,0
121,8900714849922;8620,071484992204
88,40889782139583;-13270,0
89,80401673309683;-13270,0
119,48117866774663;6211,178667746633
115,5801473660007;2310,1473660007014
151,87650103558207;38606,50103558206
80,05770542217199;-13270,0
74,62031869952773;-13270,0
119,1804590024897;5910,459002489697
90,78481791074401;-13270,0
63,432788091086955;-13270,0
116,75321054971528;3483,210549715277
95,21040757123947;-13270,0
137,62187360843077;24351,873608430775
102,02434915755214;-11245,650842447863
110,0349752978432;-3235,0247021567957
119,10630773823713;5836,307738237134
138,71070158240784;25440,701582407833
86,44036050766127;-13270,0
100,99108808831932;-12278,911911680683
126,51128221837422;13241,282218374221
113,79394585489567;523,9458548956682
71,12700614089819;-13270,0
133,7100488798428;20440,04887984279
95,56818124115598;-13270,0
105,06853084394348;-8201,469156056522
105,35930358433181;-7910,696415668188
105,86738442035588;-7402,615579644124
112,29899328955648;-971,006710443522
109,43282828711938;-3837,171712880623
90,0587263044998;-13270,0
84,3099017259572;-13270,0
105,1724867218869;-8097,513278113102
115,46340509871185;2193,405098711846
71,02258056789572;-13270,0
96,76246627121752;-13270,0
102,79812902535022;-10471,870974649779
92,12232751925643;-13270,0
111,0422438960286;-2227,7561039714055
123,44578287281354;10175,78287281354
104,10625950070138;-9163,740499298616
113,5047545717023;234,75457170230766
100,82152093173254;-12448,479068267465
94,27691050242207;-13270,0
137,0671136517544;23797,1136517544
141,39543807492737;28125,43807492737
76,06945666361302;-13270,0
149,39953021960198;36129,530219601984
122,75793246580153;9487,932465801532
96,84078607598565;-13270,0
103,09589622577782;-10174,103774222178
106,02312994341956;-7246,870056580438
72,239773304373;-13270,0
97,46689413318728;-13270,0
93,7299511980443;-13270,0
130,21817412126825;16948,174121268246
132,28522486959955;19015,224869599544
85,24678299686673;-13270,0
150,75149209297376;37481,492092973764
139,79856046342783;26528,560463427835
86,90854576199146;-13270,0
89,28630242395674;-13270,0
116,46816282564201;3198,1628256420117
119,45021903751507;6180,219037515068
136,41629140868753;23146,291408687524
126,70531246718193;13435,312467181928
114,71029194286402;1440,291942864018
83,54029558083471;-13270,0
102,97714569803387;-10292,854301966134
103,14784677835908;-10122,153221640918
106,51131789600412;-6758,682103995885
149,1191726983155;35849,17269831551
143,37153093965895;30101,53093965895
100,52857859467186;-12741,421405328143
111,37037303791367;-1899,626962086335
93,3103031550754;-13270,0
66,89729309840656;-13270,0
88,91932815616568;-13270,0
97,86927130857521;-13270,0
88,32026964307151;-13270,0
135,54968339835324;22279,68339835324
97,47173470792953;-13270,0
130,65953627871764;17389,53627871764
118,22906056134981;4959,060561349812
125,25633732357679;11986,337323576787
91,95570616448306;-13270,0
104,18685599670907;-9083,14400329093
102,72036526787775;-10549,634732122247
111,29108929420808;-1978,9107057919227
134,9952796279038;21725,279627903816
146,55032710695357;33280,32710695358
115,75668561359916;2486,68561359916
100,01912035975155;-13250,879640248446
135,4062253575319;22136,225357531897
141,95277691691894;28682,776916918934
105,23119536840109;-8038,804631598911
130,75857504414802;17488,575044148016
104,82033725865575;-8449,662741344244
116,12336701185177;2853,3670118517693
104,8618287620663;-8408,171237933704
103,76606994542313;-9503,930054576875
99,656952378191;-13270,0
71,3657522982933;-13270,0
147,01039368259285;33740,39368259285
106,04547646059154;-7224,523539408456
129,72758233297984;16457,582332979837
98,96799691057618;-13270,0
142,87950125089753;29609,501250897534
106,56247026138321;-6707,529738616789
106,35705466628322;-6912,9453337167815
94,17139002369478;-13270,0
129,34842740602193;16078,427406021925
80,25582313970224;-13270,0
109,55561345004709;-3714,3865499529093
101,3379478434797;-11932,052156520303
108,09703500004488;-5172,964999955117
90,16085694723935;-13270,0
106,03016661651812;-7239,833383481884
90,36827477666323;-13270,0
123,19715557522231;9927,15557522231
118,09658620218893;4826,58620218893
105,32564989630686;-7944,350103693143
116,23995477688547;2969,954776885468
125,40269203199077;12132,692031990766
89,7697559838838;-13270,0
147,30124431756474;34031,244317564735
97,8214813470412;-13270,0
90,10918516571049;-13270,0
98,12333988355184;-13270,0
142,80257464732563;29532,57464732563
200,9957095905924;87725,7095905924
115,71841112559926;2448,411125599261
108,66028330395999;-4609,716696040014
94,14150436260861;-13270,0
100,96790010821866;-12302,099891781343
95,72655217639068;-13270,0
120,76415298585752;7494,1529858575195
123,03175283002048;9761,75283002048
171,47381608761688;58203,816087616884
85,81262085439577;-13270,0
124,12413390570943;10854,133905709426
111,30864998883618;-1961,3500111638205
104,39472287075395;-8875,277129246047
86,70892130176283;-13270,0
113,00305898437446;-266,94101562553806
114,73842079329566;1468,4207932956597
108,52003749566765;-4749,9625043323485
109,99182643417518;-3278,17356582482
107,74634577583642;-5523,6542241635825
116,3149628497774;3044,962849777401
76,50152072712612;-13270,0
111,23476135686923;-2035,2386431307714
94,60712282632424;-13270,0
122,43706377983;9167,063779829998
96,6013917201124;-13270,0
126,45005170804214;13180,051708042138
104,09184290819589;-9178,157091804114
121,63077615320061;8360,776153200615
127,29596540613582;14025,96540613582
115,44299920977853;2172,9992097785344
116,55527220712041;3285,2722071204116
108,15450572338136;-5115,494276618638
110,00762167734308;-3262,3783226569176
106,22173428789496;-7048,265712105039
118,61837827454296;5348,3782745429635
105,36189831510745;-7908,1016848925465
88,83124572382654;-13270,0
107,35675187852539;-5913,248121474613
110,0711696966271;-3198,8303033729044
158,03784389648757;44767,843896487575
148,00244182435694;34732,44182435694
137,1570274960294;23887,027496029397
121,49038376644054;8220,383766440544
129,13169504185745;15861,695041857456
101,99467680948366;-11275,323190516336
118,35457027177527;5084,570271775272
150,98820059107794;37718,20059107794
73,15785144487178;-13270,0
117,73878472664245;4468,784726642451
89,33074798552748;-13270,0
104,69436728700133;-8575,632712998673
108,57451571025098;-4695,484289749022
125,01621837528629;11746,218375286287
115,7045606915673;2434,5606915672943
118,5016154387533;5231,615438753306
122,21719244578703;8947,192445787034
105,75960776255478;-7510,39223744522
103,67578932730636;-9594,210672693638
112,71323966134143;-556,760338658567
92,46780854766189;-13270,0
84,70570315194294;-13270,0
114,1796714621807;909,6714621807077
126,86936940780707;13599,36940780707
113,57340443812545;303,4044381254498
106,12682072126161;-7143,179278738391
100,76714711258113;-12502,852887418872
141,63726961697637;28367,269616976366
100,44055853270652;-12829,441467293482
87,91692411740075;-13270,0
96,4906509464173;-13270,0
118,53704109138377;5267,0410913837695
102,96714571222128;-10302,854287778719
130,36741094212465;17097,41094212465
102,91770409144212;-10352,29590855788
132,33698108231405;19066,981082314054
112,90491605741227;-365,0839425877348
124,43660627830691;11166,60627830691
99,05150185243346;-13270,0
95,33169252336604;-13270,0
147,4590188795406;34189,01887954059
118,21686887374085;4946,868873740852
107,31350561249809;-5956,494387501909
111,06291427877805;-2207,085721221947
119,36336744712655;6093,367447126548
131,01834690061773;17748,34690061773
134,44859718142717;21178,597181427176
126,84775961191073;13577,759611910733
140,9376511728735;27667,6511728735
89,36656087167341;-13270,0
106,87451946716968;-6395,480532830324
80,27382907963903;-13270,0
162,80028357807927;49530,283578079274
110,31770656368356;-2952,2934363164422
91,48879345109965;-13270,0
86,58960033771922;-13270,0
100,76411816463381;-12505,881835366186
82,24006273670503;-13270,0
100,7738303945831;-12496,169605416899
143,0414817110084;29771,481711008404
153,78648269882288;40516,48269882288
86,56211773817422;-13270,0
112,0953311850832;-1174,668814916804
118,0613896000514;4791,3896000514
153,51701777469995;40247,017774699954
110,92016094840757;-2349,8390515924293
67,37018528108885;-13270,0
119,77920638502668;6509,206385026682
110,97844047098336;-2291,559529016642
70,44313687474248;-13270,0
115,5099087163169;2239,9087163169006
152,54865195143034;39278,65195143034
127,55824489523242;14288,24489523242
114,12724432078282;857,2443207828219
115,26047150409711;1990,4715040971114
128,09337544149471;14823,375441494714
151,19060793692813;37920,60793692813
130,76389651745075;17493,896517450747
133,48901585578403;20219,015855784033
120,16163331564465;6891,633315644649
94,85332617310546;-13270,0
112,47608072843465;-793,919271565348
134,52384735333757;21253,847353337573
98,76058920655991;-13270,0
96,65194690061699;-13270,0
90,86042954459153;-13270,0
94,21693269570633;-13270,0
81,18772940562124;-13270,0
122,80470368773742;9534,703687737416
89,45546609865535;-13270,0
160,03417052264922;46764,17052264922
68,94288905076105;-13270,0
145,71553528423547;32445,53528423547
107,63051114232482;-5639,488857675179
79,66866073753799;-13270,0
106,84377327291732;-6426,226727082682
116,41951437194888;3149,514371948877
128,92648486671513;15656,484866715127
210,80752006047584;97537,52006047584
111,21272217583113;-2057,2778241688684
96,44988385101392;-13270,0
109,25385462308299;-4016,145376917013
125,70825786873093;12438,257868730925
69,73065429708768;-13270,0
100,76251786086196;-12507,482139138037
116,56162432677016;3291,6243267701575
104,14111260502514;-9128,887394974858
109,0731204448709;-4196,879555129104
125,65377847216467;12383,778472164675
82,9966062126958;-13270,0
125,7681220964679;12498,122096467905
101,52013476663484;-11749,86523336516
110,31523395583646;-2954,766044163538
109,53214068039681;-3737,8593196031925
121,02383314259819;7753,833142598192
120,28021232442379;7010,212324423785
80,26970792595675;-13270,0
93,61086776278988;-13270,0
82,31127345230848;-13270,0
126,53466744480615;13264,667444806146
97,50775132434151;-13270,0
94,01084127476089;-13270,0
99,48735185340158;-13270,0
123,21266599015257;9942,66599015257
135,90256930614942;22632,569306149417
91,93589561819213;-13270,0
146,45800393697772;33188,003936977715
121,13752927956729;7867,52927956729
68,64766073943738;-13270,0
140,13742115386438;26867,42115386438
118,59869210936994;5328,692109369935
113,7472083471782;477,2083471782007
111,65580803641481;-1614,1919635851882
125,37077068397156;12100,770683971557
135,5011132838731;22231,113283873114
112,58072318757107;-689,2768124289323
89,61916583362209;-13270,0
143,2060251408501;29936,0251408501
117,24582569304552;3975,8256930455173
83,41726225072841;-13270,0
133,76154892272245;20491,548922722453
100,1852915074325;-13084,708492567504
130,57188893693655;17301,888936936546
83,90670988320961;-13270,0
91,06257096910265;-13270,0
123,33493711901234;10064,937119012338
95,71513377495148;-13270,0
112,7254764829712;-544,523517028796
119,81407600234215;6544,076002342146
100,61232447837358;-12657,675521626421
139,81730320661748;26547,30320661748
126,5715233050432;13301,5233050432
126,7758386874561;13505,8386874561
101,98153322483408;-11288,466775165918
113,08751833257217;-182,48166742782632
97,69662079070073;-13270,0
61,781985252252994;-13270,0
101,2144560730202;-12055,543926979799
156,66062360597977;43390,62360597977
84,01241494703808;-13270,0
126,59163552564334;13321,635525643342
67,06657826436823;-13270,0
134,09232997709952;20822,32997709952
115,87627091870874;2606,2709187087403
112,27068702028174;-999,3129797182592
113,90042698953873;630,4269895387297
92,1919194408999;-13270,0
116,70436789573773;3434,367895737734
134,98436683095326;21714,366830953266
88,53259801538718;-13270,0
127,28934089369686;14019,340893696859
126,2065852291242;12936,5852291242
113,95073423066744;680,7342306674363
102,1659670112114;-11104,032988788607
138,56237600189758;25292,376001897574
134,04895691101913;20778,95691101913
81,05462870796202;-13270,0
93,28198325589072;-13270,0
92,62989698051089;-13270,0
111,5913689090081;-1678,631090991903
96,93941631645758;-13270,0
131,58774646712226;18317,74646712226
150,1747224107243;36904,72241072432
162,16756178199935;48897,56178199936
103,37668344300926;-9893,316556990743
89,6786130696913;-13270,0
96,36100056061319;-13270,0
128,84076852904315;15570,768529043147
101,50328098915993;-11766,719010840068
120,67694561715085;7406,94561715085
78,73457855555182;-13270,0
133,4820712313717;20212,071231371694
106,7187641965025;-6551,235803497495
117,39730711679812;4127,307116798118
118,43215221936971;5162,152219369713
131,65717993317776;18387,17993317776
87,22422879438379;-13270,0
82,71638787307923;-13270,0
110,30108037872431;-2968,9196212756924
89,27598026356519;-13270,0
100,13034637509975;-13139,653624900253
94,06859100720588;-13270,0
125,35262262300037;12082,62262300037
144,09849947320714;30828,499473207143
99,90592468674014;-13270,0
111,35242359050599;-1917,5764094940077
160,54387184245235;47273,87184245235
102,1301456842996;-11139,854315700395
124,55048278369738;11280,482783697375
88,11272091819696;-13270,0
115,31294102720497;2042,9410272049718
107,42577447139166;-5844,225528608338
108,22171321636735;-5048,286783632651
99,85123535383053;-13270,0
92,37642885310298;-13270,0
91,12615987941298;-13270,0
136,13218162322048;22862,181623220473
145,84369298889652;32573,692988896524
101,72351573730367;-11546,48426269633
89,67446876779005;-13270,0
87,0186946753312;-13270,0
96,00083812217902;-13270,0
98,07266339565923;-13270,0
88,46843716904016;-13270,0
122,40574925966705;9135,749259667045
65,22115648643694;-13270,0
79,56322633715445;-13270,0
108,64150943746887;-4628,490562531131
98,324937107217;-13270,0
92,94590074246936;-13270,0
104,13355494334348;-9136,445056656517
96,78172823579433;-13270,0
121,02431521106196;7754,315211061959
144,33079377325325;31060,793773253245
95,64182780553803;-13270,0
112,2513420312671;-1018,6579687328995
94,68190368054597;-13270,0
143,80009996015696;30530,099960156957
116,31298775891712;3042,9877589171174
99,2171758537638;-13270,0
99,05286403535641;-13270,0
100,4497740887156;-12820,2259112844
185,82349024900816;72553,49024900816
102,79429988743141;-10475,700112568593
114,04118515949597;771,1851594959662
97,0943383926679;-13270,0
88,68179999570002;-13270,0
112,07565978004202;-1194,3402199579832
178,9312689317537;65661,26893175369
121,0247310642651;7754,731064265099
133,12443557940202;19854,435579402016
92,63141576336334;-13270,0
114,99986386104078;1729,8638610407797
63,66595063688203;-13270,0
98,65272890326865;-13270,0
97,55586331262887;-13270,0
83,83355988144007;-13270,0
153,70019679542318;40430,19679542318
107,49064751296702;-5779,352487032985
132,20855294168982;18938,552941689817
127,68908833139363;14419,088331393636
105,62130713646948;-7648,692863530518
85,4670965064247;-13270,0
112,31386216613927;-956,1378338607265
110,58671820066881;-2683,2817993311874
89,15658575557406;-13270,0
85,61202922163126;-13270,0
117,56896585239684;4298,965852396843
106,89504394078597;-6374,956059214032
89,92081807205152;-13270,0
125,74525768110736;12475,25768110736
123,73249734843097;10462,497348430967
92,00986827042098;-13270,0
109,33251616599178;-3937,4838340082224
103,33325561883653;-9936,74438116347
106,05214673861003;-7217,853261389966
95,68125681632227;-13270,0
126,36076826347009;13090,76826347009
104,26364260973706;-9006,35739026294
156,65721826879647;43387,21826879647
122,52302016937176;9253,02016937176
93,58815978344784;-13270,0
93,06684644493191;-13270,0
111,88629639874534;-1383,703601254656
115,49128962818335;2221,2896281833528
105,82469816123053;-7445,301838769471
91,72535397543531;-13270,0
157,38505107474558;44115,05107474558
117,16902294648199;3899,0229464819895
94,3912655612874;-13270,0
128,5950935101926;15325,093510192612
122,3190464481575;9049,046448157493
133,61194184471705;20341,941844717054
108,08299048928251;-5187,009510717491
128,31092262377322;15040,922623773222
116,06600629664636;2796,0062966463647
116,0530708570299;2783,070857029894
108,12882410151418;-5141,175898485816
98,36672330578439;-13270,0
95,06491430231584;-13270,0
138,2730174078156;25003,017407815583
152,83766574643855;39567,66574643854
107,88691815666593;-5383,081843334072
126,89871541440294;13628,715414402945
128,40073968725878;15130,739687258778
129,6205828535865;16350,582853586511
75,41286938894555;-13270,0
127,03719841207439;13767,198412074387
101,14698233864542;-12123,017661354585
108,94461239427302;-4325,387605726977
86,48069443969986;-13270,0
107,52303910647387;-5746,960893526126
94,1655691849919;-13270,0
121,4695234829324;8199,523482932404
117,25204905242951;3982,049052429513
111,22579449008427;-2044,2055099157315
96,67604804183773;-13270,0
101,87297376486748;-11397,026235132518
67,9724024440695;-13270,0
142,57001742670306;29300,01742670306
85,71768020272394;-13270,0
84,84608047782802;-13270,0
118,11115289241117;4841,15289241117
101,45617728641444;-11813,822713585556
79,56553623190362;-13270,0
79,59399018888146;-13270,0
126,0580506234513;12788,050623451294
160,63235351047385;47362,35351047385
85,96568173266951;-13270,0
114,58938432963095;1319,384329630946
132,33984876206517;19069,848762065172
111,39024172179417;-1879,7582782058307
82,58775983930131;-13270,0
113,57907851598145;309,07851598145135
108,22589197576089;-5044,108024239113
141,6279697347616;28357,969734761595
118,31110451567226;5041,104515672254
114,18671566401781;916,7156640178109
86,1579993110168;-13270,0
88,28679604031025;-13270,0
106,9124297779123;-6357,570222087706
85,57226270905751;-13270,0
119,9639593324963;6693,9593324963025
84,69767740926261;-13270,0
129,41348508988577;16143,48508988577
96,33947560990346;-13270,0
99,03290160890401;-13270,0
101,66087459838384;-11609,125401616158
100,34841891277428;-12921,581087225723
85,42138494962016;-13270,0
75,09274537953995;-13270,0
93,81195148760735;-13270,0
96,01595319423888;-13270,0
120,99645343535339;7726,453435353389
119,02630044942136;5756,3004494213565
109,6578991861136;-3612,1008138864036
96,2137039310061;-13270,0
113,1178767898141;-152,123210185895
118,95048587304133;5680,485873041329
163,67879904447344;50408,79904447344
119,02783506717157;5757,835067171567
94,23730476572662;-13270,0
130,75555706690577;17485,557066905767
103,39200651976084;-9877,993480239158
79,71683799997083;-13270,0
121,96088909047145;8690,889090471454
95,43722439588784;-13270,0
117,76973383469344;4499,733834693441
92,45822221456288;-13270,0
96,12385028273273;-13270,0
82,8190252141794;-13270,0
92,86789415510854;-13270,0
85,42779449578634;-13270,0
119,47642200938104;6206,42200938104
91,2868384583271;-13270,0
101,09547186692913;-12174,52813307087
110,90385817624409;-2366,1418237559137
108,95866912261948;-4311,3308773805165
71,1143417817062;-13270,0
116,64032818649707;3370,3281864970704
98,1749201738997;-13270,0
100,46416003000125;-12805,839969998748
79,68872927321826;-13270,0
114,47238219475699;1202,3821947569886
124,46831381800645;11198,313818006449
120,71077592517207;7440,775925172071
81,25317438119195;-13270,0
90,60488807351042;-13270,0
105,60299035233515;-7667,009647664845
133,4313703625837;20161,370362583693
141,96590575074202;28695,905750742022
112,40546170134635;-864,538298653646
116,00860408470253;2738,604084702525
161,18331702464502;47913,31702464502
151,69191233660476;38421,91233660476
100,23834899740449;-13031,651002595514
92,27835185020061;-13270,0
110,1203850548525;-3149,614945147494
95,65438947343846;-13270,0
120,79551627272092;7525,516272720917
108,51809572582513;-4751,904274174865
83,67432682092245;-13270,0
114,52725681915057;1257,2568191505652
115,33738417006225;2067,3841700622506
92,51693647989418;-13270,0
75,33570817664582;-13270,0
99,04039573515313;-13270,0
81,77673725272197;-13270,0
108,53765099026647;-4732,349009733529
96,38532509508633;-13270,0
136,63360030951458;23363,60030951458
93,14083835280171;-13270,0
84,12351474851553;-13270,0
133,61917893179606;20349,178931796057
134,23440929473963;20964,409294739635
144,29267487931108;31022,674879311082
102,83232861838204;-10437,671381617965
152,42578817996696;39155,788179966956
77,28109929965834;-13270,0
62,656519116577556;-13270,0
95,40110307866951;-13270,0
128,97530512596305;15705,305125963048
128,1218122483891;14851,812248389091
122,3349986215982;9064,998621598203
73,63929301537866;-13270,0
106,37219114624364;-6897,8088537563635
88,6846235513508;-13270,0
107,42414653995853;-5845,853460041472
116,12407325380629;2854,0732538062875
86,83648848162852;-13270,0
111,84610626491936;-1423,8937350806427
126,1615009228102;12891,500922810206
113,67358489249749;403,5848924974871
146,23478301651733;32964,78301651733
92,34390691927439;-13270,0
76,90512281820614;-13270,0
100,1531293532641;-13116,870646735893
132,15255882965215;18882,55882965215
83,63858108033799;-13270,0
63,23618228630602;-13270,0
111,81779494855566;-1452,2050514443417
109,6571503010231;-3612,8496989769064
83,12943941663195;-13270,0
145,29717649207467;32027,176492074672
87,61519881922105;-13270,0
112,73494993338235;-535,0500666176467
122,39346236762745;9123,46236762745
98,26584899390757;-13270,0
128,67236046864252;15402,360468642524
103,35663309198443;-9913,366908015565
77,53823979638707;-13270,0
96,054698282571;-13270,0
126,26924847634933;12999,248476349334
120,43187450848262;7161,874508482622
137,83151929813576;24561,51929813576
121,03264069782172;7762,64069782172
128,75882735631214;15488,82735631214
159,16576380968934;45895,763809689335
84,71399232255759;-13270,0
160,65410079503724;47384,10079503724
92,27154123974488;-13270,0
149,92786615531043;36657,866155310425
125,79873049718309;12528,730497183085
128,11702126922813;14847,021269228131
122,65132865292688;9381,328652926877
90,13692894279353;-13270,0
100,09243521521046;-13177,564784789542
120,09563739982438;6825,6373998243835
136,00071327768447;22730,713277684466
163,37750810652472;50107,508106524714
102,98967123298533;-10280,328767014671
100,48237302149073;-12787,62697850927
128,40358691803223;15133,586918032233
138,1155854276348;24845,58542763481
109,14134670302819;-4128,65329697181
92,23203574575022;-13270,0
135,69248628051994;22422,486280519945
88,39087132881612;-13270,0
133,9957623416126;20725,762341612586
122,50962943372488;9239,629433724884
149,99872262074177;36728,72262074177
92,93480365232591;-13270,0
140,22291495448601;26952,914954486012
130,4618779328478;17191,877932847812
105,32665910412253;-7943,3408958774735
99,93697059548904;-13270,0
75,45750473165124;-13270,0
113,32319559780942;53,19559780941563
91,95355768852363;-13270,0
96,3812783290104;-13270,0
116,03601549846488;2766,015498464878
109,9355877285194;-3334,4122714806053
143,88891820088133;30618,918200881337
126,83489616822541;13564,896168225412
119,69611039030784;6426,1103903078365
95,95159163165852;-13270,0
182,79192896773802;69521,92896773801
112,64894195508212;-621,0580449178779
81,90103755012616;-13270,0
97,32830815940183;-13270,0
102,9631531642514;-10306,846835748605
120,15407069175718;6884,070691757184
83,55754050785848;-13270,0
89,59766053368143;-13270,0
126,10320704373048;12833,20704373048
111,32710481679595;-1942,8951832040475
111,0190128105434;-2250,9871894565986
92,43874475119097;-13270,0
132,37016798187835;19100,167981878352
120,30742880374454;7037,428803744544
130,460772841204;17190,772841204005
108,03240713259864;-5237,592867401365
70,72069876416953;-13270,0
116,6887012989496;3418,701298949596
130,74261149918905;17472,611499189054
98,27495491449778;-13270,0
122,71702961774406;9447,029617744061
102,93992995129273;-10330,070048707275
106,09282788076501;-7177,172119234985
92,18781185120454;-13270,0
121,31245673967605;8042,45673967605
136,48744257999633;23217,44257999633
105,94026982560342;-7329,730174396577
151,67169301760143;38401,69301760143
100,30526664671653;-12964,733353283467
92,65167818872042;-13270,0
80,5890941752904;-13270,0
114,52876890648717;1258,768906487172
134,5577537341237;21287,753734123704
72,50874925042538;-13270,0
85,46365893851025;-13270,0
88,13408774614388;-13270,0
128,27129404712443;15001,29404712443
134,90205677020322;21632,056770203213
128,08604072233248;14816,040722332484
101,18195414579884;-12088,045854201158
148,890271202651;35620,271202651005
155,53837710480798;42268,37710480798
86,42654522913644;-13270,0
94,82126875848756;-13270,0
115,05478770397704;1784,787703977041
89,37780625782275;-13270,0
135,71981017008375;22449,810170083743
140,36515419208357;27095,154192083566
99,51021749265426;-13270,0
80,56982813273362;-13270,0
98,5836468294215;-13270,0
133,99243565884126;20722,435658841263
121,94146972138267;8671,469721382673
89,54699843960897;-13270,0
114,67004584699039;1400,0458469903915
96,48733664242508;-13270,0
92,21931860918747;-13270,0
124,80517036551046;11535,170365510465
120,45513945244495;7185,139452444953
90,31860927176196;-13270,0
144,06398595750244;30793,98595750244
137,28440401570947;24014,40401570947
105,72292387131557;-7547,076128684428
83,40061275200226;-13270,0
101,35643273460046;-11913,567265399539
86,16113456482408;-13270,0
120,5931863219253;7323,186321925303
87,91950666860436;-13270,0
70,58378190127894;-13270,0
91,35918841135603;-13270,0
76,42680112345501;-13270,0
89,60448853549684;-13270,0
114,39508653218087;1125,0865321808687
121,38342293949209;8113,422939492091
143,7374438159997;30467,443815999708
82,92758805828811;-13270,0
96,08898851769347;-13270,0
83,7080648054671;-13270,0
126,12196944092086;12851,969440920864
115,93269299476717;2662,692994767165
82,47782580689231;-13270,0
108,2860280363865;-4983,971963613503
87,88417435449573;-13270,0
101,56785257328413;-11702,147426715872
115,18076010027525;1910,7601002752508
105,43526034615505;-7834,739653844953
148,03352620563393;34763,526205633934
111,68986719377352;-1580,1328062264765
97,36809626688454;-13270,0
71,01009407232338;-13270,0
85,94772180332065;-13270,0
125,30570639991598;12035,706399915976
85,1929370008915;-13270,0
112,47757261976913;-792,4273802308653
128,31825955798894;15048,259557988938
138,38872112051638;25118,721120516377
103,55222696834561;-9717,773031654393
100,01510755578002;-13254,89244421998
78,36549033544385;-13270,0
139,03950584339074;25769,50584339074
84,08552914332773;-13270,0
78,72669262795834;-13270,0
94,26047348851395;-13270,0
127,12753866838793;13857,538668387926
107,66028801219865;-5609,711987801351
74,05840630927966;-13270,0
121,46220085083053;8192,200850830526
157,06935705361855;43799,35705361854
127,37496160965651;14104,961609656508
127,82754192465842;14557,54192465842
82,99585063458375;-13270,0
121,14915554226783;7879,155542267836
109,73231260839896;-3537,6873916010445
96,1253677889722;-13270,0
107,9141814620913;-5355,8185379086935
91,19195980248966;-13270,0
95,06803770168682;-13270,0
86,90063211629956;-13270,0
139,23040664846314;25960,406648463148
107,43581851277703;-5834,181487222967
71,51212347110769;-13270,0
146,96647825480278;33696,47825480278
71,61754634230988;-13270,0
102,90952211438487;-10360,47788561513
141,3169265746195;28046,926574619487
130,17816320900627;16908,16320900627
96,0385531312438;-13270,0
130,62549797258643;17355,49797258643
81,35803518918222;-13270,0
120,1897953735142;6919,7953735142
130,8696773204464;17599,677320446415
99,25891860413726;-13270,0
129,3885896774957;16118,5896774957
116,5902220119188;3320,2220119187987
85,86161600175734;-13270,0
132,62883516397946;19358,83516397946
114,87278055568231;1602,7805556823114
87,70550101441208;-13270,0
115,30711002528551;2037,1100252855103
171,80143533810028;58531,43533810027
107,29611799389238;-5973,882006107619
140,94174684200192;27671,74684200192
90,69738912213509;-13270,0
118,66436464897134;5394,364648971343
118,6467947216654;5376,794721665399
81,1000342965277;-13270,0
118,71170727183815;5441,70727183815
127,96862190072973;14698,62190072973
120,84441262014715;7574,412620147152
109,80299150032084;-3467,0084996791575
88,18877247778141;-13270,0
91,50952371011401;-13270,0
84,7232437723742;-13270,0
123,74335291799954;10473,352917999546
80,52246885471331;-13270,0
87,50743202176558;-13270,0
104,11709650071231;-9152,903499287693
140,6481097728263;27378,109772826305
86,99373000510855;-13270,0
82,08345937398302;-13270,0
154,894854543766;41624,854543766
94,56150492588748;-13270,0
99,13955992163065;-13270,0
90,9323439382909;-13270,0
91,19867166427822;-13270,0
161,45597175931053;48185,97175931053
99,2520569093259;-13270,0
113,72520737767076;455,2073776707566
101,57294153753575;-11697,058462464245
89,1910495626723;-13270,0
91,50857259509777;-13270,0
105,66977646188084;-7600,223538119157
96,44305360077082;-13270,0
82,57454649466806;-13270,0
88,96427568547168;-13270,0
144,84113110669935;31571,13110669935
86,22361115097978;-13270,0
95,72909818551182;-13270,0
70,34778555531263;-13270,0
123,61795074662186;10347,950746621857
106,22283091326486;-7047,169086735143
93,63289754429857;-13270,0
118,61339892683091;5343,398926830912
99,94867388117783;-13270,0
104,58438501064491;-8685,614989355092
131,5919311685933;18321,931168593306
108,64429092031813;-4625,709079681872
114,63995978895802;1369,9597889580236
116,53265466316624;3262,6546631662422
199,2729380774891;86002,9380774891
159,1298445759505;45859,8445759505
134,1737248569464;20903,72485694639
83,34809447921;-13270,0
130,12974077715262;16859,74077715262
100,06999702304331;-13200,002976956686
83,68374877554187;-13270,0
103,20303931399839;-10066,960686001612
100,90259170431615;-12367,408295683848
75,53583404060113;-13270,0
153,95655297644254;40686,55297644254
124,14607880839957;10876,078808399565
131,32507328224375;18055,07328224375
101,90127674614618;-11368,72325385382
117,21969732903474;3949,697329034745
139,33639529395367;26066,39529395367
121,37589252751198;8105,89252751198
107,48738139455428;-5782,618605445724
82,15849196928099;-13270,0
113,92948299024303;659,4829902430301
108,96631452518504;-4303,68547481496
113,61656662864004;346,56662864004466
209,35890776957842;96088,90776957842
102,41396144074983;-10856,03855925017
158,12686501134033;44856,86501134033
124,48321597541123;11213,215975411225
135,03401574786463;21764,01574786463
98,60922061346896;-13270,0
69,52050841999387;-13270,0
75,37715797789659;-13270,0
102,65691286568158;-10613,087134318423
126,78005888972889;13510,05888972889
122,99615489749365;9726,154897493652
102,26497113182143;-11005,028868178575
131,78438348557552;18514,38348557552
142,65668860692563;29386,68860692563
113,89984186216677;629,8418621667661
107,88056012686809;-5389,43987313191
130,94742341146267;17677,423411462667
97,19964777607444;-13270,0
125,4394462933051;12169,446293305096
130,7816389194298;17511,63891942981
170,21657241163075;56946,572411630754
109,69393691155949;-3576,063088440511
112,9812882361598;-288,71176384020146
96,44592249026942;-13270,0
134,89124408355661;21621,244083556616
89,13020766596513;-13270,0
88,57044542301836;-13270,0
107,1178993913586;-6152,1006086413945
126,18967809449808;12919,678094498078
142,72175634365652;29451,756343656525
94,98150472762865;-13270,0
104,11358495442809;-9156,415045571908
91,14879809028812;-13270,0
112,64498470074471;-625,0152992552848
135,79799728252138;22527,997282521377
135,4493190378393;22179,319037839305
84,77859463124646;-13270,0
112,29001851041404;-979,9814895859563
92,50355989917468;-13270,0
129,16712257837924;15897,122578379236
93,61312316661895;-13270,0
109,17144466229264;-4098,5553377073575
71,7707439645851;-13270,0
104,49655603340622;-8773,443966593779
89,14739269315935;-13270,0
141,0035100282322;27733,510028232202
103,31221410244804;-9957,785897551961
97,13976013608739;-13270,0
112,94039745183657;-329,60254816342604
68,08541114073884;-13270,0
128,44084764124472;15170,847641244716
94,66670714894899;-13270,0
128,56327587974104;15293,275879741042
104,75242099904345;-8517,57900095655
113,3569670960017;86,96709600169561
166,9118296269159;53641,829626915904
91,49810343377219;-13270,0
152,30900086500426;39039,000865004266
106,64793396862797;-6622,066031372033
137,76773397829254;24497,73397829254
104,55042178440503;-8719,578215594967
81,27576824874355;-13270,0
86,6456088352366;-13270,0
82,54130471555932;-13270,0
103,2169930435678;-10053,006956432204
75,23103740434583;-13270,0
97,93896316732318;-13270,0
115,34812134234566;2078,121342345663
104,27709788774342;-8992,902112256577
109,52839283593522;-3741,6071640647788
116,28720346010519;3017,203460105189
105,56294893914352;-7707,0510608564755
124,84765512579847;11577,655125798468
99,33835036104539;-13270,0
119,22138749175359;5951,38749175359
128,7029082277135;15432,908227713495
97,41429120218919;-13270,0
150,0361763126887;36766,176312688694
153,60516704589205;40335,16704589205
108,61367146574736;-4656,3285342526415
123,68233158430712;10412,331584307121
90,99054988026282;-13270,0
119,23750270237024;5967,502702370235
101,00584050883037;-12264,159491169627
130,2777707737008;17007,77077370081
113,14288223401734;-127,11776598266442
158,14557286364712;44875,57286364712
147,65184440026044;34381,844400260445
181,23427000083123;67964,27000083122
91,2418790409937;-13270,0
94,10677191892395;-13270,0
102,52009048181606;-10749,909518183944
113,4218528830075;151,8528830075029
109,51494613464352;-3755,0538653564763
138,38385974010694;25113,859740106942
122,70570158572079;9435,701585720788
165,47998195351536;52209,981953515366
126,36165502631182;13091,655026311822
104,57918596108426;-8690,814038915736
113,74487706118892;474,87706118891583
78,56849188155978;-13270,0
84,10531230223346;-13270,0
88,3500271171702;-13270,0
92,99467799227446;-13270,0
67,60603567776731;-13270,0
114,19519569873404;925,19569873404
95,05453695576843;-13270,0
122,6585776191621;9388,5776191621
150,4824715459356;37212,471545935594
129,70671223449068;16436,712234490682
110,87062018384049;-2399,379816159513
98,33102263376912;-13270,0
145,74480966955747;32474,80966955747
144,5388219671117;31268,82196711169
105,98642446506803;-7283,575534931973
96,9065227887636;-13270,0
105,81367384526364;-7456,326154736364
88,89449611037286;-13270,0
73,4439809923567;-13270,0
91,62674626581287;-13270,0
148,69823075228442;35428,23075228442
123,84908768445517;10579,087684455171
123,82709556793321;10557,095567933215
140,41771958337446;27147,719583374463
114,04029802709026;770,298027090259
130,9706634823656;17700,66348236561
95,69941759540839;-13270,0
88,10105249511491;-13270,0
100,87606813100756;-12393,931868992444
134,75422714072863;21484,22714072863
87,0902974295817;-13270,0
111,92224839526588;-1347,7516047341178
89,95438491043753;-13270,0
162,36379906778652;49093,79906778652
107,46558519651362;-5804,414803486385
73,3442095814106;-13270,0
109,59279566342109;-3677,204336578914
113,7237090034401;453,70900344010624
95,00424178137237;-13270,0
131,91644734827221;18646,447348272213
79,5246155719794;-13270,0
133,0374336647773;19767,433664777294
114,11331992270941;843,3199227094083
98,99257063190747;-13270,0
83,36117751595923;-13270,0
107,40341485827629;-5866,585141723707
155,77170367048254;42501,70367048254
117,18145866961878;3911,458669618776
118,9418948128051;5671,8948128051015
126,90226431859229;13632,264318592286
98,68638420151346;-13270,0
122,29296064317214;9022,960643172137
116,33306215734866;3063,062157348664
118,1745750004772;4904,575000477205
138,0120371785329;24742,03717853289
131,36368944039617;18093,68944039617
69,97923576781342;-13270,0
129,026520280044;15756,520280043995
130,457177140928;17187,177140927997
103,14973397809703;-10120,266021902968
102,14665310694045;-11123,346893059552
91,49247175705928;-13270,0
93,0759047062563;-13270,0
119,38773257957587;6117,732579575866
84,63329066963774;-13270,0
89,03379401855453;-13270,0
88,06423117024326;-13270,0
133,94816165924365;20678,161659243655
104,28757918083286;-8982,420819167135
90,8526897393538;-13270,0
82,71670140469308;-13270,0
95,57548661635951;-13270,0
80,4641889583937;-13270,0
109,97226833461986;-3297,7316653801445
156,6332489366818;43363,24893668181
107,15157115806618;-6118,4288419338245
116,25304378564236;2983,0437856423614
90,30103454081308;-13270,0
98,98569194750033;-13270,0
87,82948798575872;-13270,0
55,732489101998475;-13270,0
115,37792695505429;2107,926955054292
103,45115558203626;-9818,844417963735
71,53214599442374;-13270,0
95,11785866341171;-13270,0
113,77888764703937;508,88764703936977
126,40359388850617;13133,593888506166
87,28393596395975;-13270,0
108,08633122915383;-5183,668770846172
118,04685092276905;4776,850922769052
112,48813108103772;-781,8689189622783
104,38269052566072;-8887,30947433928
71,68857271766434;-13270,0
125,35585324075022;12085,85324075022
108,94184789502725;-4328,152104972749
139,7230796442679;26453,0796442679
147,46257068195274;34192,57068195274
94,9206991227548;-13270,0
106,26854097778617;-7001,459022213827
99,74878685189739;-13270,0
104,71585718104495;-8554,142818955046
116,86247099043241;3592,470990432412
129,43470070438633;16164,70070438633
93,96956887472201;-13270,0
117,27325908442248;4003,259084422476
104,25372534957815;-9016,274650421852
114,2326612355133;962,6612355133057
120,66337388401935;7393,373884019351
102,4017936807206;-10868,206319279398
127,92200874782016;14652,008747820157
93,00599041675126;-13270,0
110,64750767674111;-2622,4923232588862
103,94013895468326;-9329,861045316737
100,74243311542448;-12527,566884575524
123,551368107899;10281,368107898994
108,8038104516482;-4466,1895483517965
104,0312039575729;-9238,7960424271
76,47059270214807;-13270,0
87,7308191735925;-13270,0
79,60099381669698;-13270,0
157,7084733524604;44438,4733524604
120,9802170172922;7710,217017292205
99,83608727735285;-13270,0
76,8820150609086;-13270,0
154,60697208898674;41336,97208898674
96,02225926360296;-13270,0
84,78225305248593;-13270,0
70,84302920697445;-13270,0
93,40310660404324;-13270,0
79,66445843709562;-13270,0
99,88086692237158;-13270,0
138,78006329363168;25510,063293631683
100,81886293227767;-12451,137067722333
96,9473369375262;-13270,0
118,33364174803881;5063,641748038815
83,03376479652485;-13270,0
137,18471505342907;23914,71505342907
101,68039288143056;-11589,607118569436
98,85434990028288;-13270,0
82,80054186311865;-13270,0
91,76288192540206;-13270,0
124,96145516412153;11691,455164121533
158,84186490013886;45571,86490013886
105,67524078040131;-7594,75921959869
117,32045751031528;4050,4575103152783
151,08865288504407;37818,652885044066
128,02873993440315;14758,739934403147
160,1976321722358;46927,63217223581
161,44764030254075;48177,64030254075
70,21673909747524;-13270,0
101,21138425152849;-12058,615748471515
94,89020554141962;-13270,0
79,36610867287871;-13270,0
109,00262826781228;-4267,371732187716
111,24976237515278;-2020,2376248472156
69,80803089546225;-13270,0
104,06081696364038;-9209,183036359624
105,45387290787716;-7816,127092122844
90,55941581886893;-13270,0
106,64596494606222;-6624,035053937779
88,20016034171068;-13270,0
142,45167126424897;29181,671264248973
81,03934626516278;-13270,0
116,96107675533929;3691,0767553392907
78,89448270513032;-13270,0
88,72602079773138;-13270,0
134,40995429738055;21139,95429738055
99,8698340830788;-13270,0
63,9454004269591;-13270,0
121,61890180567738;8348,901805677382
109,73513354290658;-3534,866457093418
108,3950306736881;-4874,9693263119025
107,70002039731077;-5569,9796026892345
110,47427951329365;-2795,7204867063483
121,0470330418548;7777,033041854804
108,25262749420983;-5017,372505790168
118,05883579955369;4788,83579955369
87,1872333501703;-13270,0
127,49123194267304;14221,23194267304
102,80517615282314;-10464,823847176864
75,45928114929315;-13270,0
82,05196655674946;-13270,0
111,32857223379699;-1941,4277662030108
75,10456623243537;-13270,0
92,06372586155756;-13270,0
85,95694757084243;-13270,0
94,17803412559016;-13270,0
97,63312772777438;-13270,0
101,87299962715201;-11397,000372847988
97,00830410335419;-13270,0
117,25256512545323;3982,5651254532313
127,16570234297376;13895,70234297376
126,0821416542123;12812,141654212293
115,93464525221026;2664,645252210259
144,6285415534393;31358,541553439303
129,09364658929627;15823,64658929627
125,81277767086449;12542,777670864492
124,51570115715218;11245,70115715218
106,52601818938476;-6743,9818106152425
112,42573874398833;-844,2612560116668
142,82894781442553;29558,947814425534
107,69955889528443;-5570,4411047155745
96,40176021006658;-13270,0
122,62849743226386;9358,497432263855
123,34904106301624;10079,041063016244
110,92524589209806;-2344,7541079019393
117,87889212986225;4608,892129862252
96,57108111513236;-13270,0
116,97741733282561;3707,417332825611
128,87069917045034;15600,699170450338
143,42953977229837;30159,53977229837
111,4302295645326;-1839,7704354674042
135,2892937706505;22019,29377065049
97,1707316375669;-13270,0
116,73317123075036;3463,1712307503585
87,61714789693352;-13270,0
91,02369399852786;-13270,0
106,61026853764697;-6659,7314623530265
131,81915081900627;18549,150819006267
134,60415875377132;21334,158753771313
126,32529706629899;13055,297066298986
105,65363817277267;-7616,361827227327
91,83188592417399;-13270,0
151,4638168387192;38193,8168387192
102,65228529346184;-10617,714706538156
116,57216264928888;3302,1626492888827
108,60779546239053;-4662,204537609472
127,26920371597717;13999,203715977172
83,49945258687973;-13270,0
146,52873050511224;33258,73050511224
94,778047313053;-13270,0
84,79031384008793;-13270,0
111,88743507234402;-1382,5649276559816
89,3377939308546;-13270,0
124,04294646364032;10772,94646364032
148,50335940110097;35233,35940110096
104,2491245500624;-9020,875449937595
113,90146859782504;631,4685978250436
128,15587661376253;14885,876613762528
139,22790818481258;25957,90818481258
140,15213207123733;26882,132071237334
74,8316382006165;-13270,0
105,01675801739123;-8253,241982608775
96,41208660028136;-13270,0
108,12822174298067;-5141,778257019329
97,4580893946866;-13270,0
122,79628219797762;9526,282197977616
91,84848229215434;-13270,0
98,11844770493872;-13270,0
103,71612500686305;-9553,874993136948
124,41478998539775;11144,789985397747
112,32737949242708;-942,6205075729158
116,25907660609252;2989,07660609252
121,3529110816009;8082,911081600894
135,29206334942592;22022,063349425916
112,98262448177243;-287,3755182275672
93,27543674610254;-13270,0
80,39955758775554;-13270,0
91,57613128575399;-13270,0
138,6922769606977;25422,27696069771
194,44592372994484;81175,92372994484
98,32679864491739;-13270,0
110,7496075839231;-2520,3924160769056
93,24876812651664;-13270,0
101,4103931785008;-11859,606821499203
126,46089709092263;13190,89709092263
170,92282156449792;57652,82156449792
110,51300423722499;-2756,99576277501
133,4792813207663;20209,28132076629
109,73606726951917;-3533,932730480832
165,0015898803507;51731,58988035071
114,75394125777467;1483,9412577746698
100,06363850510316;-13206,361494896842
97,00392231498937;-13270,0
110,4535858662259;-2816,4141337741075
122,82673216756592;9556,732167565922
71,70463204137486;-13270,0
115,99025061191664;2720,2506119166355
132,6400297170588;19370,02971705881
105,10196204890224;-8168,037951097763
117,90462457016262;4634,624570162625
120,78222515025867;7512,22515025867
108,59585651851216;-4674,143481487836
128,26572386339367;14995,723863393676
73,13510612607509;-13270,0
95,92364051575265;-13270,0
92,55157972077545;-13270,0
99,07834067561353;-13270,0
109,19106300545462;-4078,9369945453764
112,15413667986809;-1115,8633201319117
165,0056063018772;51735,60630187721
121,73475355558259;8464,753555582585
92,88329924287582;-13270,0
86,5810554691712;-13270,0
108,04319549767361;-5226,804502326392
70,92065872640747;-13270,0
163,20120429227498;49931,20429227498
94,58883554100026;-13270,0
150,3408088173952;37070,80881739521
96,82804503379877;-13270,0
118,48918226422984;5219,182264229839
87,26108123019894;-13270,0
128,72559556274172;15455,595562741717
80,04150357732811;-13270,0
114,16201588760424;892,0158876042406
75,33582327298912;-13270,0
124,01072423874051;10740,72423874051
97,96697806573688;-13270,0
126,1847367400526;12914,736740052598
102,7818699625924;-10488,130037407605
133,11116030994395;19841,160309943953
148,51359807986856;35243,598079868556
96,92250017851374;-13270,0
107,57041460040655;-5699,585399593449
87,74737046660226;-13270,0
110,5534893418699;-2716,510658130095
83,73937273781135;-13270,0
98,9591303180776;-13270,0
122,07417496199886;8804,174961998862
117,39107036590741;4121,07036590741
82,37059710517983;-13270,0
79,35319535019792;-13270,0
78,44138058882885;-13270,0
121,73583057851862;8465,830578518617
143,72241564680596;30452,41564680596
96,20720220971663;-13270,0
94,88290568735543;-13270,0
82,54241719349321;-13270,0
108,87002326588846;-4399,976734111537
135,5078196197064;22237,819619706395
134,6240045135995;21354,004513599488
155,83536303900817;42565,363039008174
79,49343369821426;-13270,0
67,28178106029709;-13270,0
84,45871598162616;-13270,0
124,86702003613325;11597,020036133254
94,84562719228546;-13270,0
92,11923840219336;-13270,0
99,60340480491637;-13270,0
77,05993437078155;-13270,0
142,46778407420965;29197,784074209645
112,52244995042678;-747,5500495732249
149,93739420480927;36667,394204809265
118,87074125084773;5600,741250847728
102,45269169939624;-10817,30830060376
92,47298758137158;-13270,0
115,96980306340656;2699,803063406558
115,95515523358151;2685,1552335815068
117,65296271656615;4382,962716566151
135,80933867797907;22539,338677979067
68,64251919602057;-13270,0
106,4301513815969;-6839,8486184031
102,64369335325473;-10626,306646745266
171,88657722655674;58616,577226556736
91,90347566657728;-13270,0
84,6515976713782;-13270,0
91,90562100279871;-13270,0
133,74442631063658;20474,426310636583
124,0012349379944;10731,234937994395
109,96401846180726;-3305,9815381927438
76,54054324024393;-13270,0
109,2653626797573;-4004,6373202426967
99,06396962617863;-13270,0
115,60548079250819;2335,4807925081896
121,00214314440379;7732,143144403788
108,46657864543462;-4803,4213545653765
104,03932701942009;-9230,672980579915
104,12759899105993;-9142,401008940073
129,52552250870247;16255,522508702466
98,42354105363309;-13270,0
90,35378066363307;-13270,0
103,63855302763183;-9631,44697236817
96,29897992096555;-13270,0
89,57954614446417;-13270,0
131,54836759255102;18278,367592551018
140,37949986073625;27109,499860736243
61,2287288301533;-13270,0
128,0324250006863;14762,42500068629
121,20075042938151;7930,750429381515
138,83895077214046;25568,950772140466
104,58232058380761;-8687,679416192386
79,48579813523845;-13270,0
87,31844294639538;-13270,0
94,20416835169152;-13270,0
124,21359810775114;10943,598107751139
93,48589416671462;-13270,0
137,15056932339834;23880,56932339834
88,4526786370764;-13270,0
122,12851619765586;8858,516197655856
105,24646002239264;-8023,53997760736
130,61595216565428;17345,95216565428
96,09151768256157;-13270,0
82,05630958957872;-13270,0
120,72581525283547;7455,815252835473
90,70780435836433;-13270,0
95,75877363324923;-13270,0
120,97474133105419;7704,741331054189
100,1024001652219;-13167,599834778106
136,2139547618321;22943,9547618321
121,1146420314094;7844,642031409403
83,79771893499598;-13270,0
116,99402061173438;3724,020611734384
91,90295016355353;-13270,0
101,55977366893502;-11710,226331064978
71,97975965919025;-13270,0
112,68427451277685;-585,7254872231479
108,30926303803301;-4960,736961966992
92,42951841723857;-13270,0
121,4063742923873;8136,3742923873
74,04121654850384;-13270,0
105,95115544086624;-7318,844559133755
102,87090448583784;-10399,09551416216
150,61420964066394;37344,20964066395
91,96402381300953;-13270,0
73,29062932799722;-13270,0
109,86787595544676;-3402,1240445532367
109,14907247691374;-4120,927523086255
116,36016962374826;3090,169623748263
125,73920276310726;12469,20276310726
182,57749887187052;69307,49887187051
120,11121184372774;6841,211843727746
96,58183135736617;-13270,0
121,55911749011932;8289,117490119319
131,62284442413167;18352,844424131672
91,33723514669452;-13270,0
90,84949892612892;-13270,0
133,97600235414606;20706,00235414606
110,58410913376136;-2685,8908662386402
148,946569301178;35676,56930117799
136,75461608359595;23484,616083595945
119,5132103798106;6243,2103798106
127,22028522190234;13950,285221902344
100,08783412314253;-13182,165876857473
148,56970788298747;35299,70788298747
124,54462313087728;11274,623130877284
113,17759279414823;-92,40720585177405
163,9767053926151;50706,70539261509
82,64124050662448;-13270,0
106,72659185436481;-6543,408145635187
109,11544753447258;-4154,55246552742
76,94886023695928;-13270,0
123,48365913690395;10213,659136903952
84,89145855464791;-13270,0
88,07442602340673;-13270,0
84,75800444213513;-13270,0
145,24217314432514;31972,173144325134
96,85240018791428;-13270,0
98,30245994795001;-13270,0
101,17511744811303;-12094,882551886973
110,70497512299579;-2565,024877004209
114,4751271413941;1205,1271413940976
102,09150180526956;-11178,49819473044
89,99008163417766;-13270,0
124,2055587791259;10935,558779125895
103,35158330988958;-9918,416690110424
82,36290144331096;-13270,0
100,66494594132536;-12605,054058674643
111,84571363041196;-1424,286369588035
128,51894983011272;15248,949830112717
98,68621236288413;-13270,0
102,3620912045175;-10907,908795482503
104,21293633272428;-9057,063667275717
102,86784008543589;-10402,159914564112
70,70493432888681;-13270,0
116,08887384571564;2818,8738457156396
98,21162215849012;-13270,0
108,75307050377094;-4516,929496229057
110,58383609817706;-2686,1639018229416
94,68561349454869;-13270,0
110,89092735811295;-2379,0726418870527
84,63226067060586;-13270,0
96,99913311157763;-13270,0
96,73409238373172;-13270,0
88,4484086770162;-13270,0
106,72423746364119;-6545,762536358812
124,13379236596649;10863,792365966485
101,69217834212417;-11577,821657875835
107,56219916867803;-5707,800831321965
99,2911312368144;-13270,0
107,00351462953755;-6266,485370462452
103,71568740129942;-9554,31259870058
93,68264228891628;-13270,0
110,87076690612392;-2399,2330938760806
92,90156540683303;-13270,0
134,23268516017808;20962,68516017808
115,26951413275361;1999,514132753613
92,64751286115509;-13270,0
114,26321108565196;993,2110856519612
113,12020275539567;-149,79724460433317
93,32060939218665;-13270,0
137,65579349158205;24385,793491582044
97,55491689545022;-13270,0
104,14149568536513;-9128,50431463487
81,43978272702785;-13270,0
102,38833821014444;-10881,66178985556
79,27410582650926;-13270,0
124,39507311551398;11125,07311551398
134,33017346045787;21060,173460457874
136,42200226485832;23152,002264858318
157,33607970351017;44066,079703510164
133,5085645917532;20238,564591753217
125,61763551788081;12347,635517880815
74,90721668393692;-13270,0
111,60878753392261;-1661,2124660773916
82,3579105942096;-13270,0
85,42820024221412;-13270,0
117,19529234740764;3925,292347407645
92,41669097000785;-13270,0
129,23277013729228;15962,770137292278
89,84269779838837;-13270,0
122,84943787523235;9579,437875232354
115,31598179575495;2045,9817957549512
130,4999163892098;17229,9163892098
105,017429253912;-8252,570746088
97,85046629463172;-13270,0
93,64043182344268;-13270,0
108,53007455400791;-4739,9254459920885
80,73174521375932;-13270,0
128,4019445638186;15131,944563818604
127,52672030713529;14256,720307135292
113,96510601255278;695,1060125527802
110,12224035852385;-3147,7596414761465
105,57641101833552;-7693,58898166448
127,62071373924724;14350,713739247236
73,13762072686374;-13270,0
76,3282131070114;-13270,0
120,26434188223234;6994,341882232344
100,05001441872274;-13219,98558127726
131,66551933790464;18395,51933790464
102,92864822827863;-10341,351771721367
87,74829639649714;-13270,0
72,73572728822647;-13270,0
104,63521111804796;-8634,788881952038
105,33747768315426;-7932,522316845738
102,27739802017813;-10992,601979821875
94,45079734095884;-13270,0
144,91292614427473;31642,926144274737
106,46466396312644;-6805,336036873559
113,87340609325594;603,4060932559369
134,65683173613684;21386,83173613684
99,82402481227432;-13270,0
118,60081369136606;5330,813691366056
99,94383033556556;-13270,0
122,07569969532783;8805,699695327829
112,89766080756907;-372,3391924309326
84,09387374341756;-13270,0
128,9556919199378;15685,691919937806
95,71420955314774;-13270,0
88,09484462337385;-13270,0
129,76420539098825;16494,205390988252
102,5519299767558;-10718,0700232442
138,93906684598133;25669,06684598133
102,6139481089339;-10656,051891066103
108,87842482135454;-4391,575178645457
110,46113657442997;-2808,863425570029
106,60722972466223;-6662,770275337767
115,58877534514261;2318,775345142607
86,65219194689342;-13270,0
114,88620129417026;1616,2012941702633
105,81929884154688;-7450,701158453118
144,7342247005933;31464,224700593302
98,91700258172122;-13270,0
84,14472235627223;-13270,0
87,00556911347417;-13270,0
91,09512108033971;-13270,0
120,88659178778852;7616,591787788519
127,01640265555814;13746,40265555814
69,54333472128371;-13270,0
184,0648102173962;70794,8102173962
115,95360989215845;2683,6098921584544
90,51043043585068;-13270,0
101,28757048507914;-11982,429514920856
119,83925812509055;6569,258125090553
145,21392217294738;31943,92217294738
145,65914838130865;32389,148381308652
99,90785978020718;-13270,0
97,00278795425383;-13270,0
90,638306446482;-13270,0
100,27423426028106;-12995,765739718938
145,92640381859604;32656,403818596045
96,70968585509169;-13270,0
106,44562584612235;-6824,374153877646
148,71300690347982;35443,00690347982
107,0509912913357;-6219,008708664294
102,07458028691339;-11195,419713086612
129,70989710425363;16439,89710425363
69,27002823913026;-13270,0
75,03019306769887;-13270,0
103,53817282670812;-9731,82717329188
107,51358479620785;-5756,4152037921485
194,43598390596077;81165,98390596076
108,01297388428391;-5257,026115716091
109,9617413321762;-3308,2586678237967
106,75060463418224;-6519,395365817762
103,03107859585714;-10238,92140414286
102,33632720244512;-10933,672797554882
116,38094348955572;3110,9434895557188
90,66366658182895;-13270,0
122,16074066685978;8890,74066685978
109,58255900091936;-3687,44099908064
151,0704422386121;37800,442238612086
101,66348214321765;-11606,51785678235
96,20558583628433;-13270,0
70,46216568641063;-13270,0
98,78179386972523;-13270,0
126,51676063995782;13246,760639957822
86,21802084229108;-13270,0
116,01724937988129;2747,249379881292
117,93853357202752;4668,533572027525
186,28851915226912;73018,51915226912
119,8591028513525;6589,102851352502
155,16603637515055;41896,03637515056
93,2913806476792;-13270,0
97,21129410501544;-13270,0
89,61572917940487;-13270,0
117,53559865323278;4265,598653232781
114,86059391055146;1590,5939105514572
157,00186505992676;43731,86505992676
98,00280534677519;-13270,0
91,31921790787175;-13270,0
104,51911204599298;-8750,887954007016
85,50220794962696;-13270,0
99,65035486340264;-13270,0
140,09059399551478;26820,593995514777
112,04410177794728;-1225,898222052725
135,03715774282955;21767,15774282955
82,12125066336705;-13270,0
91,72061873311998;-13270,0
118,04524664620351;4775,246646203508
118,29433676271621;5024,3367627162115
110,04077519436872;-3229,22480563128
98,4475063860969;-13270,0
114,72859109332505;1458,5910933250507
75,77032549564571;-13270,0
118,66880902112045;5398,809021120451
90,86173946649103;-13270,0
104,7806407282884;-8489,359271711597
93,06033481685299;-13270,0
119,37875450181008;6108,754501810079
128,18750600685448;14917,506006854477
130,53729268996636;17267,292689966365
145,3576304111538;32087,63041115379
92,39624895669198;-13270,0
80,42178740836916;-13270,0
107,26455780907887;-6005,442190921134
103,45870904287054;-9811,290957129462
106,29765731683776;-6972,342683162243
72,84191306531034;-13270,0
78,0052949947773;-13270,0
80,88977508412115;-13270,0
113,22007495621465;-49,92504378535523
102,99060389499361;-10279,396105006388
107,57139630417656;-5698,603695823441
111,09540347667695;-2174,596523323051
118,47827809013778;5208,278090137777
73,50300178809407;-13270,0
92,40329639865574;-13270,0
91,53089349544469;-13270,0
115,04791969292737;1777,9196929273658
140,44505176003562;27175,051760035625
135,22422114800597;21954,221148005963
137,53489845526764;24264,898455267634
107,12734223732419;-6142,657762675814
97,9851093576645;-13270,0
89,59035181415602;-13270,0
108,57167489371695;-4698,325106283055
121,31372836397026;8043,728363970255
110,9253757309107;-2344,6242690892977
129,82756047740216;16557,56047740216
94,94616468191293;-13270,0
110,78741278211972;-2482,587217880284
140,46131572699613;27191,31572699613
130,16487637099078;16894,876370990783
94,37472882956848;-13270,0
101,99379452509217;-11276,20547490783
138,71983581412044;25449,835814120444
101,2355598535234;-12034,440146476602
115,63350088782403;2363,500887824028
120,18345101902722;6913,451019027216
97,01624951716748;-13270,0
161,3432520561436;48073,252056143596
97,36958014646318;-13270,0
97,30799582856172;-13270,0
106,57959828198777;-6690,401718012229
84,47096929955053;-13270,0
132,53106923765586;19261,069237655858
133,94807474374775;20678,074743747755
84,95052594649808;-13270,0
116,2685679904107;2998,567990410702
76,30138098972476;-13270,0
73,98062869823235;-13270,0
84,68179989504782;-13270,0
114,55061218918519;1280,6121891851872
119,53248844669888;6262,488446698877
104,90744846185916;-8362,551538140839
114,59583360115388;1325,833601153885
99,00657973079568;-13270,0
109,33491480694985;-3935,0851930501467
91,70193208761121;-13270,0
106,68871704756722;-6581,282952432776
132,7869720114635;19516,97201146349
135,6418877003744;22371,887700374413
87,72216410136724;-13270,0
84,0099381018552;-13270,0
69,89306868884866;-13270,0
97,26077290668785;-13270,0
126,10940824871983;12839,408248719832
101,00301153765916;-12266,988462340838
86,27642582846981;-13270,0
104,56815044554504;-8701,849554454955
89,4697805836613;-13270,0
110,64650537153595;-2623,494628464048
108,58971237281749;-4680,287627182512
192,19626244862405;78926,26244862405
100,66500106055099;-12604,998939449008
152,91874221392584;39648,74221392584
98,78846259853178;-13270,0
72,50988867911913;-13270,0
107,56456474991568;-5705,435250084325
76,72988563532074;-13270,0
74,67719874406497;-13270,0
67,50337800221622;-13270,0
113,85919873972318;589,1987397231824
112,22805881688276;-1041,9411831172347
103,50725863816947;-9762,741361830525
84,20319746569828;-13270,0
124,72042027893542;11450,42027893542
97,76260676758599;-13270,0
114,85541832847343;1585,4183284734336
105,65996510630649;-7610,034893693513
103,28123058967364;-9988,76941032636
164,29218669313843;51022,186693138436
116,74384072312185;3473,840723121848
91,32399208840705;-13270,0
178,03703983842203;64767,03983842203
159,36134301972842;46091,343019728425
105,7495523152415;-7520,447684758498
98,78069503964916;-13270,0
156,47843475905592;43208,43475905591
86,64864042986355;-13270,0
94,16725446829246;-13270,0
125,9914752551608;12721,475255160793
92,35879446120124;-13270,0
79,40328737974505;-13270,0
178,86623159397445;65596,23159397444
98,84065462630119;-13270,0
134,2496681073759;20979,668107375895
115,90763251015015;2637,6325101501516
111,2174291025394;-2052,5708974606023
88,51490499322135;-13270,0
82,71932141784218;-13270,0
117,46709403989131;4197,094039891308
103,1834207703352;-10086,579229664796
106,81746994916995;-6452,530050830053
98,43335112495053;-13270,0
101,5289900552079;-11741,009944792102
91,06838656090463;-13270,0
111,56700942850692;-1702,9905714930792
100,47950957441722;-12790,490425582779
121,93780396330003;8667,803963300026
129,17510530346254;15905,105303462544
95,18738800878357;-13270,0
73,78037847487015;-13270,0
123,1532644492443;9883,264449244303
109,80369893495414;-3466,301065045858
82,72630447832687;-13270,0
92,05241841051507;-13270,0
91,92471787442621;-13270,0
111,29491204111501;-1975,0879588849875
116,23323165545767;2963,231655457672
95,35168489678409;-13270,0
148,6678961685052;35397,89616850519
119,09230132434556;5822,301324345557
130,20304215595968;16933,04215595968
105,70761946292772;-7562,380537072276
117,64430598592848;4374,305985928484
128,81190863832782;15541,908638327823
113,77335661283354;503,35661283353875
117,47268620110773;4202,6862011077355
100,66302575823451;-12606,974241765489
90,15254192828006;-13270,0
98,69669243336168;-13270,0
137,87552554673545;24605,525546735444
110,53770534733256;-2732,2946526674386
118,11752906332866;4847,52906332866
114,52819301777242;1258,1930177724244
119,99640694476994;6726,406944769944
85,72674085505056;-13270,0
139,73251152226712;26462,511522267116
105,56031909475993;-7709,680905240067
125,47874132341677;12208,741323416769
105,58882135521431;-7681,178644785693
98,10306878144063;-13270,0
121,90219247464154;8632,192474641539
121,86763682353119;8597,636823531186
116,09969841499861;2829,698414998613
120,37166366637595;7101,663666375953
119,62441607876654;6354,416078766542
139,08599230713457;25815,992307134577
102,43953742087368;-10830,462579126324
151,54352603462758;38273,526034627575
147,97676918015142;34706,76918015142
97,77617617098963;-13270,0
108,94576056798266;-4324,239432017341
101,23172635138047;-12038,273648619526
172,4517676825515;59181,76768255149
74,6346683253203;-13270,0
128,0538873252316;14783,887325231615
107,38975900491322;-5880,240995086784
107,97200312880035;-5297,996871199647
95,80270375106991;-13270,0
127,42540687005885;14155,40687005885
108,13549104720539;-5134,508952794608
134,86588161342482;21595,88161342482
71,284797012275;-13270,0
98,80974261184508;-13270,0
117,2074848821779;3937,484882177894
108,23739952965319;-5032,600470346812
145,56295632470813;32292,956324708124
95,1880370960353;-13270,0
105,38570962348555;-7884,2903765144465
124,72840229410377;11458,402294103773
88,37144066983103;-13270,0
106,20258100361535;-7067,41899638465
108,41103401969565;-4858,9659803043505
108,78101050047349;-4488,989499526515
93,44096407181122;-13270,0
86,61687217228075;-13270,0
131,5299928204672;18259,992820467214
116,87587102354517;3605,8710235451726
107,73371672958831;-5536,283270411691
152,91890671668682;39648,90671668682
61,890514661722015;-13270,0
94,84267613239538;-13270,0
109,72758012735096;-3542,4198726490395
104,85199563295507;-8418,004367044934
86,64481200179472;-13270,0
84,24351398351182;-13270,0
85,6383326371014;-13270,0
130,55414496059456;17284,144960594556
124,12653801722173;10856,538017221734
88,4807464342944;-13270,0
78,45801667913554;-13270,0
89,88333586462355;-13270,0
109,56586020383949;-3704,139796160509
107,73474202431584;-5535,257975684164
116,2223646785343;2952,3646785343044
89,71906343420805;-13270,0
71,14305900133012;-13270,0
102,2983757251614;-10971,624274838594
106,50478530300067;-6765,214696999326
102,78014341771123;-10489,85658228877
134,40735286900986;21137,352869009854
96,708275159685;-13270,0
102,15144209223439;-11118,55790776561
104,92117259639011;-8348,827403609892
101,6612081584267;-11608,791841573297
143,49862234281943;30228,622342819428
150,82064137723194;37550,641377231936
94,67249087032309;-13270,0
126,47771013504958;13207,710135049576
117,48011600421063;4210,116004210628
111,8639375201073;-1406,0624798927001
98,99461150638655;-13270,0
95,95776137469753;-13270,0
79,99206546567603;-13270,0
99,21239633966779;-13270,0
144,4353886244376;31165,38862443759
94,49003871820277;-13270,0
101,67904471235865;-11590,955287641355
83,10947615211636;-13270,0
86,22520010590488;-13270,0
117,41566628793534;4145,666287935339
70,15198468808532;-13270,0
107,69098769261551;-5579,0123073844925
92,81777462715324;-13270,0
100,04568746414431;-13224,312535855692
107,01116560246624;-6258,834397533765
77,38809539193439;-13270,0
91,37792401413346;-13270,0
126,00945282698885;12739,452826988847
107,40752365092148;-5862,4763490785235
119,65291186810087;6382,911868100873
124,24568409213819;10975,684092138192
101,47648051765702;-11793,519482342977
78,81348871962257;-13270,0
97,27081021574206;-13270,0
114,99052844131295;1720,5284413129466
98,82867896259565;-13270,0
126,07094409324169;12800,944093241691
171,90254075039485;58632,54075039485
116,14606832901954;2876,068329019541
126,85751822914908;13587,518229149078
129,16662497082595;15896,62497082595
153,15672066347523;39886,72066347523
91,69200456350825;-13270,0
105,96019087654986;-7309,809123450141
104,17263552292744;-9097,364477072564
130,48641673681632;17216,416736816325
88,19720906306705;-13270,0
143,15620742555623;29886,207425556233
101,62772931311233;-11642,270686887674
127,91260697913323;14642,60697913323
112,92597723493228;-344,0227650677243
70,87973509634182;-13270,0
99,57607672629058;-13270,0
84,12446715983715;-13270,0
115,45094373722664;2180,9437372266384
108,7302441382154;-4539,7558617846025
144,80782459726106;31537,82459726106
89,91223377906925;-13270,0
117,7122224349467;4442,222434946696
162,32816276332707;49058,16276332707
115,38766243208003;2117,6624320800347
87,5128158754692;-13270,0
99,39555882462147;-13270,0
105,9364404396083;-7333,559560391695
104,64376219546551;-8626,237804534487
108,14007882768291;-5129,9211723170865
137,89022728803275;24620,22728803275
72,42879247278468;-13270,0
104,99600773169266;-8273,992268307342
140,73351869750914;27463,518697509142
126,36947325279321;13099,473252793214
99,76169155848045;-13270,0
113,66660686079074;396,6068607907364
110,11634255540473;-3153,657444595272
120,62292835758012;7352,928357580124
117,28747405037025;4017,4740503702487
125,3837827153436;12113,782715343601
116,7352232712616;3465,2232712616023
109,62417061923016;-3645,829380769843
92,22074971454714;-13270,0
107,84720396886291;-5422,796031137086
138,98791253972288;25717,912539722885
110,34702891594156;-2922,9710840584357
97,7216073315927;-13270,0
104,99452022983837;-8275,479770161628
95,74920832078053;-13270,0
94,11657698484517;-13270,0
89,15985624699141;-13270,0
83,5249347395139;-13270,0
128,2671414055828;14997,141405582806
138,1646437585455;24894,643758545506
68,20752928656593;-13270,0
92,87229984098121;-13270,0
128,53455755778094;15264,557557780943
123,37584152856125;10105,841528561254
99,33176853980414;-13270,0
97,02712131841021;-13270,0
103,00795851892057;-10262,041481079425
95,14020882040629;-13270,0
98,81357926891326;-13270,0
125,76890323566028;12498,903235660277
99,4401462502421;-13270,0
117,06530786484734;3795,307864847342
149,55342013444235;36283,42013444235
98,55516069946438;-13270,0
110,25213361095683;-3017,866389043167
98,03240375617443;-13270,0
107,29371546598475;-5976,2845340152535
91,54082448357559;-13270,0
112,42976423811157;-840,2357618884271
85,57838693450778;-13270,0
137,74064424905274;24470,644249052733
110,30484127650186;-2965,158723498138
101,53447869720587;-11735,52130279413
100,27496135190654;-12995,03864809346
116,27188194245232;3001,8819424523244
108,24376301796894;-5026,236982031056
127,57826069587807;14308,26069587807
133,1790858753849;19909,085875384917
134,9299484321056;21659,948432105593
134,2164408499888;20946,4408499888
113,78284789416576;512,8478941657559
86,29215460762916;-13270,0
90,71518578895625;-13270,0
97,76374436905567;-13270,0
165,3619325057655;52091,93250576551
113,02737207962237;-242,6279203776321
146,59358763551705;33323,587635517055
126,92208716418898;13652,087164188979
164,25459607112242;50984,59607112242
108,1851832192753;-5084,816780724697
119,7454821934069;6475,4821934069005
111,39126111087833;-1878,738889121667
108,52219408690817;-4747,805913091828
124,65394143202957;11383,94143202957
97,61980215874232;-13270,0
102,86225060939296;-10407,749390607041
77,06203314801215;-13270,0
102,38571688897666;-10884,28311102334
109,01132232542388;-4258,6776745761235
83,24230498662556;-13270,0
98,58572637487187;-13270,0
111,18948728537394;-2080,5127146260565
128,40147201158882;15131,472011588823
131,5734475744613;18303,447574461312
137,03122595062746;23761,225950627457
115,59470211289597;2324,702112895973
86,58550313821274;-13270,0
139,711793204713;26441,793204712987
102,9182018040644;-10351,798195935604
119,0351701032816;5765,170103281602
78,95119741269335;-13270,0
120,40217162118493;7132,171621184934
107,51720240989636;-5752,797590103644
120,949764493017;7679,764493016999
124,26880277746403;10998,802777464032
112,87518741817688;-394,81258182312195
71,10016312670503;-13270,0
112,31114915625238;-958,8508437476157
182,15425719238758;68884,25719238758
115,66283975024703;2392,8397502470307
89,53121568591723;-13270,0
110,22201445968068;-3047,9855403193214
112,6996000903682;-570,3999096318075
129,80775071055749;16537,750710557484
116,40829963803769;3138,29963803769
86,87522200148815;-13270,0
94,4498948845411;-13270,0
131,43931048412873;18169,310484128724
149,03557904809324;35765,57904809324
99,65335772077627;-13270,0
185,06797375091963;71797,97375091963
104,87991037738182;-8390,089622618181
81,8049300622415;-13270,0
136,056197085978;22786,197085977998
130,8862865258842;17616,286525884203
118,92181856132089;5651,818561320892
88,08153034493019;-13270,0
196,60569247481337;83335,69247481336
130,9211363344085;17651,136334408486
77,37941060153445;-13270,0
132,99762548741475;19727,62548741475
104,56609497281502;-8703,905027184977
99,59803342771994;-13270,0
111,82140151252595;-1448,598487474048
163,05220037095887;49782,200370958875
140,84610259609704;27576,102596097044
139,81753260381794;26547,53260381794
75,75580264350693;-13270,0
105,7022908728795;-7567,709127120498
105,28704931729732;-7982,9506827026835
71,07075870384534;-13270,0
118,06115363214747;4791,153632147467
108,88262208545767;-4387,3779145423305
99,71650570870254;-13270,0
93,1052058010417;-13270,0
158,4405836410956;45170,583641095596
83,94806642920992;-13270,0
125,66603741996944;12396,037419969442
126,99559522007107;13725,595220071067
112,70338078656093;-566,6192134390731
85,44508928654871;-13270,0
145,4480961590327;32178,0961590327
130,84790609954226;17577,90609954226
101,77052315159483;-11499,476848405171
122,91914174086335;9649,141740863353
90,59923932723454;-13270,0
111,06441209399239;-2205,5879060076113
111,59740582929645;-1672,5941707035508
92,0441887011931;-13270,0
155,34917267013623;42079,17267013623
104,93837854126595;-8331,621458734051
144,355264352444;31085,264352444006
92,11593851753275;-13270,0
126,02300330590812;12753,003305908118
82,96724666132455;-13270,0
158,515445704406;45245,445704406004
122,4075752975071;9137,575297507094
90,16500849973343;-13270,0
73,97779225859445;-13270,0
123,8180366625027;10548,036662502705
119,31616266406277;6046,162664062773
95,1870475446894;-13270,0
116,26406697442013;2994,0669744201314
80,37569622583793;-13270,0
113,44350509620438;173,50509620437515
75,82074043772322;-13270,0
103,41968978499804;-9850,310215001959
120,60553352141443;7335,533521414429
113,9035702838795;633,5702838795041
123,66147011420199;10391,470114201991
69,84446360119895;-13270,0
175,25148822072458;61981,48822072458
107,77534084340894;-5494,659156591059
112,81602533639095;-453,97466360904946
141,13970197972034;27869,70197972034
95,85321191356037;-13270,0
107,845823053882;-5424,176946117999
80,96417823157888;-13270,0
85,0009803117772;-13270,0
100,71560355124787;-12554,396448752133
141,0891274437858;27819,1274437858
102,99988505572944;-10270,114944270565
111,86545767438216;-1404,5423256178437
86,61059438570263;-13270,0
117,2743063748924;4004,3063748924033
146,9524111713413;33682,41117134131
110,10522485063095;-3164,775149369054
156,95764761470426;43687,647614704256
134,04783684917058;20777,836849170577
110,32360124327356;-2946,398756726443
79,22904812733424;-13270,0
124,40619951479978;11136,19951479978
113,99665741626006;726,6574162600627
121,50389625739382;8233,896257393819
141,23925364266665;27969,253642666656
76,74987379157385;-13270,0
120,64687398024687;7376,873980246866
108,78759439830637;-4482,405601693632
129,2967040853028;16026,704085302794
68,07908419423285;-13270,0
118,56100483293727;5291,004832937273
78,26125724582376;-13270,0
98,00949288790854;-13270,0
89,27360662641323;-13270,0
163,21426442572115;49944,26442572116
105,26423546173854;-8005,764538261464
125,9627405582271;12692,740558227095
106,67924864041545;-6590,7513595845485
110,7832181062943;-2486,7818937057
120,52101268076846;7251,012680768465
88,70709145117385;-13270,0
86,91959637330771;-13270,0
101,7786269387875;-11491,373061212504
120,78587310087354;7515,873100873545
113,86933524482184;599,3352448218411
135,60260368140092;22332,60368140092
149,40322935952116;36133,22935952116
99,47073613628115;-13270,0
121,01661073469224;7746,610734692236
73,99468561784201;-13270,0
101,69607885498554;-11573,921145014456
69,83550996724665;-13270,0
132,3787771328791;19108,777132879095
112,4427738895339;-827,2261104661047
125,53088193203376;12260,881932033764
113,8858176555099;615,8176555098962
102,42225706942563;-10847,742930574374
87,20639635253433;-13270,0
103,06143424757997;-10208,565752420032
98,08802465768976;-13270,0
107,30670673781188;-5963,293262188121
79,68769256645403;-13270,0
110,5303467510502;-2739,6532489497968
82,34772709684279;-13270,0
114,18956490510676;919,564905106763
111,61423336995722;-1655,766630042781
117,4101100531326;4140,110053132597
89,56549861046689;-13270,0
180,98754895906478;67717,54895906478
81,83900473492024;-13270,0
112,28922005041511;-980,7799495848885
108,28066360584295;-4989,336394157053
62,41904410515852;-13270,0
104,28566274892555;-8984,337251074454
113,17586301282803;-94,13698717196894
96,0066245525044;-13270,0
127,25582853589079;13985,828535890785
124,22494341396775;10954,94341396775
128,97397145843524;15703,971458435244
135,90084195137092;22630,841951370923
130,94931007828848;17679,310078288476
105,1724597752748;-8097,540224725198
120,39947616225923;7129,476162259234
158,75465706473838;45484,657064738385
120,20718071069882;6937,18071069882
125,5428162253912;12272,816225391205
108,55388312166794;-4716,116878332063
112,5154098918081;-754,5901081918946
122,17596610949069;8905,966109490688
102,48874772239527;-10781,252277604726
96,9398032870731;-13270,0
129,51476534844875;16244,76534844875
74,6509579219208;-13270,0
102,6567096585602;-10613,290341439797
84,70891007494382;-13270,0
102,68299791245425;-10587,002087545745
62,14269280947685;-13270,0
96,16410629061748;-13270,0
105,40611073072262;-7863,889269277383
105,84625591588703;-7423,744084112972
98,76645120331905;-13270,0
85,96817379288747;-13270,0
89,93220251403875;-13270,0
99,39277575428915;-13270,0
94,94261610919716;-13270,0
180,19728913928773;66927,28913928774
117,14415673199596;3874,156731995965
139,20507371944367;25935,073719443673
144,23411711453682;30964,117114536813
118,85451731305447;5584,517313054472
112,29357607710358;-976,4239228964198
103,21626838162479;-10053,731618375214
155,0376985516054;41767,69855160539
83,69455739874455;-13270,0
200,39091937619298;87120,91937619298
116,08137086643096;2811,370866430958
97,95717196167377;-13270,0
99,18146137358444;-13270,0
96,68172176523183;-13270,0
115,43210186029707;2162,101860297067
91,40203478354871;-13270,0
77,77689615777959;-13270,0
117,17797653022168;3907,976530221684
123,5948251280576;10324,825128057593
82,58184013564782;-13270,0
198,9883371069391;85718,3371069391
117,49187210420982;4221,872104209819
122,28042840860178;9010,42840860178
83,12992187336934;-13270,0
116,68029404934896;3410,2940493489587
124,79424629627529;11524,24629627529
107,75263252152958;-5517,367478470423
117,8504116671659;4580,411667165899
115,57821859384593;2308,2185938459315
148,97931022802635;35709,31022802635
101,59310001931965;-11676,899980680351
103,58432325872376;-9685,676741276244
131,45142277718142;18181,422777181422
101,6289597547126;-11641,040245287404
105,25804185999745;-8011,958140002552
99,42041294407612;-13270,0
97,13066398351356;-13270,0
138,3931392585043;25123,139258504307
137,66833168893956;24398,331688939557
106,03838993061099;-7231,61006938901
128,16804074901654;14898,040749016542
119,94596234458632;6675,962344586322
102,76291057676048;-10507,089423239524
71,45341097631228;-13270,0
82,16591701198098;-13270,0
112,23020031488913;-1039,7996851108692
117,52017668830335;4250,176688303352
78,49131294801171;-13270,0
136,47995215838174;23209,952158381733
68,22081060653107;-13270,0
104,5654374777726;-8704,562522227396
125,96860204601106;12698,602046011056
115,19577464920332;1925,7746492033148
89,36025150432833;-13270,0
82,62638168384787;-13270,0
170,58099461117177;57310,99461117177
132,37143212004133;19101,432120041332
107,66888936260557;-5601,110637394431
139,35151058428548;26081,510584285475
132,48266945483826;19212,66945483826
155,99861601346288;42728,61601346288
123,63167427515704;10361,674275157038
112,43828739827097;-831,7126017290284
112,3596246712628;-910,3753287372074
90,14047624304492;-13270,0
94,46978344548725;-13270,0
104,02673875782511;-9243,261242174885
105,39342470194765;-7876,575298052348
126,87218856481908;13602,188564819084
114,42300368558962;1153,0036855896196
84,51989139069453;-13270,0
113,76314989591086;493,1498959108576
139,75312455807372;26483,124558073723
85,48057541057719;-13270,0
105,40568236024204;-7864,317639757961
115,51209198348438;2242,0919834843826
92,88020188253589;-13270,0
96,27875284373009;-13270,0
114,86288521414114;1592,8852141411444
91,82670318125146;-13270,0
149,4150223875907;36145,02238759071
128,11331981985572;14843,319819855718
111,15923602593378;-2110,76397406622
90,65452022746054;-13270,0
87,22395484424922;-13270,0
106,94232427182307;-6327,675728176931
92,44110841994035;-13270,0
114,7042840593181;1434,284059318099
84,67727232762765;-13270,0
136,5403957340645;23270,395734064507
80,58142582122275;-13270,0
118,66920344511374;5399,203445113737
137,2805577936245;24010,557793624495
157,12977596026874;43859,775960268744
94,87072397659138;-13270,0
103,3893483695602;-9880,651630439805
142,08289469159928;28812,89469159928
88,47216625699694;-13270,0
115,30684906769855;2036,8490676985512
109,30513457765348;-3964,8654223465237
95,73067034133462;-13270,0
121,48535395843506;8215,353958435055
98,14556693732695;-13270,0
118,6039319351028;5333,931935102806
93,72722008036317;-13270,0
64,49403161677348;-13270,0
110,2872918747026;-2982,7081252973967
86,08290843028239;-13270,0
133,0363698488823;19766,369848882285
117,49408469020499;4224,084690204985
104,12123026133169;-9148,76973866831
97,89499447757797;-13270,0
119,79650734300651;6526,5073430065095
84,52243125445756;-13270,0
123,3736914645771;10103,691464577107
118,16249116706655;4892,49116706655
132,0871351860732;18817,1351860732
90,97422020301782;-13270,0
96,41671482701032;-13270,0
138,9809073390527;25710,90733905269
102,84551714178932;-10424,482858210686
94,1947092200327;-13270,0
137,74239018916467;24472,390189164667
87,47236736952077;-13270,0
81,11074398121558;-13270,0
103,15683524838147;-10113,164751618531
97,93640096954974;-13270,0
87,14593250652497;-13270,0
92,22327781526303;-13270,0
118,55538896342443;5285,388963424433
113,84463893617381;574,6389361738093
100,49803390370158;-12771,966096298418
86,04547226065861;-13270,0
108,43789615028048;-4832,10384971952
89,41677497080569;-13270,0
189,86279082001317;76592,79082001318
121,38264199643352;8112,641996433522
87,29054484017989;-13270,0
80,67649308533397;-13270,0
116,18700714698045;2917,007146980448
84,06030548222783;-13270,0
119,71863116319943;6448,631163199432
125,13128756475733;11861,287564757331
90,73902539792103;-13270,0
102,72034854672243;-10549,651453277565
67,09589834249013;-13270,0
113,8661179665038;596,1179665037926
99,56004828558291;-13270,0
125,82302939485903;12553,029394859033
85,09189776438542;-13270,0
80,48647763313086;-13270,0
97,63191907742878;-13270,0
68,94675426472502;-13270,0
83,12804539630727;-13270,0
90,88447542002255;-13270,0
128,3852952082388;15115,2952082388
135,48745793618178;22217,45793618178
135,01082308678667;21740,823086786673
129,46926386698394;16199,263866983936
103,2019436951142;-10068,056304885804
111,25240059794011;-2017,59940205989
95,59517891927489;-13270,0
141,97036061062218;28700,360610622178
104,54638745003393;-8723,612549966067
114,98767365056304;1717,6736505630397
125,090897490965;11820,897490965006
113,06717375945496;-202,8262405450405
98,88058902443932;-13270,0
87,11922722445968;-13270,0
124,14985571117751;10879,855711177508
91,83984932602543;-13270,0
94,07407844678144;-13270,0
85,02396436735981;-13270,0
114,28724360393822;1017,2436039382228
143,31174375707766;30041,743757077667
134,78693483948055;21516,93483948055
93,21912430035208;-13270,0
119,83820239436385;6568,202394363849
113,20121128531935;-68,78871468065336
94,19620774386892;-13270,0
92,87154005172094;-13270,0
82,73767055612129;-13270,0
106,93690682486907;-6333,093175130931
110,06133170143295;-3208,6682985670523
108,19937068169547;-5070,629318304531
89,09743285511196;-13270,0
95,11416104283016;-13270,0
109,18297465200394;-4087,0253479960647
118,02219169439753;4752,191694397534
111,75189115627798;-1518,1088437220224
99,62760212343765;-13270,0
95,18586302248356;-13270,0
133,92261391731643;20652,613917316427
93,19207256590877;-13270,0
126,28707525803972;13017,07525803972
137,58846452787245;24318,46452787245
89,93524826129347;-13270,0
107,43297435058743;-5837,025649412571
74,87753102826974;-13270,0
104,4731967422384;-8796,8032577616
123,1001379221314;9830,137922131395
98,30502197956561;-13270,0
112,76038241990601;-509,6175800939909
108,89352628375406;-4376,473716245944
114,47422462835735;1204,2246283573477
125,4685948659086;12198,594865908599
88,91492244764811;-13270,0
93,96235452353608;-13270,0
115,62175847818483;2351,758478184831
137,49270995416865;24222,709954168648
123,60404688938493;10334,046889384932
104,80430177343698;-8465,698226563025
163,38904675834115;50119,04675834115
97,34989599191607;-13270,0
134,84006889800622;21570,068898006226
121,0841811486301;7814,181148630094
56,925555259167524;-13270,0
130,1875585813371;16917,5585813371
81,90625137177831;-13270,0
136,97691446134002;23706,914461340013
122,40613110513682;9136,131105136821
178,74547380277437;65475,47380277437
107,03865624303961;-6231,343756960388
125,27193925261675;12001,939252616747
89,06392906930621;-13270,0
91,3874537384735;-13270,0
129,40476658125672;16134,766581256725
109,34148136973458;-3928,51863026542
121,60252101578904;8332,521015789036
105,4120843504331;-7857,915649566895
101,05072611149039;-12219,273888509608
86,24639418713653;-13270,0
106,23280896591551;-7037,191034084491
86,32772117144022;-13270,0
97,80877556228182;-13270,0
152,13034095649562;38860,34095649562
157,94501311819462;44675,01311819462
114,0077028711301;737,7028711301064
77,0937341895519;-13270,0
127,46270963210765;14192,709632107646
100,78439639737029;-12485,603602629713
98,2466894962625;-13270,0
102,85276465471382;-10417,235345286177
134,43837126611464;21168,371266114642
88,61701217382948;-13270,0
92,41952517503675;-13270,0
96,69534135027166;-13270,0
98,87903026113783;-13270,0
75,75801215941192;-13270,0
107,33239312018561;-5937,606879814386
105,44942142590648;-7820,578574093521
101,20273045909008;-12067,269540909923
90,06617153321146;-13270,0
105,16899723317366;-8101,002766826345
80,20867525952336;-13270,0
114,14489224550788;874,8922455078755
102,2014074184254;-11068,592581574596
95,99424298649006;-13270,0
107,74626777295721;-5523,732227042789
190,73182585292216;77461,82585292216
85,91534821149752;-13270,0
134,36999251737532;21099,99251737532
96,66751022958141;-13270,0
87,15569437851542;-13270,0
116,20503169880081;2935,031698800809
77,40992317353455;-13270,0
106,44611180604882;-6823,888193951181
108,73146291840908;-4538,537081590921
140,71931214292556;27449,312142925563
98,35112461117326;-13270,0
72,19598769659228;-13270,0
121,28930621511367;8019,306215113669
118,4780868185709;5208,0868185709005
117,57611064931297;4306,110649312966
113,59598128456282;325,98128456282575
80,4228101191212;-13270,0
113,38884561042583;118,845610425833
116,71963090682934;3449,6309068293376
77,86004772315324;-13270,0
84,08545440080533;-13270,0
94,07375113561149;-13270,0
103,66666316401438;-9603,33683598562
162,65994344831014;49389,94344831014
129,70857687475169;16438,576874751685
154,9212735755867;41651,273575586696
85,63410548511139;-13270,0
97,19655346138953;-13270,0
124,26839719444997;10998,397194449975
117,87184529626491;4601,84529626491
82,21709060452636;-13270,0
132,5083289437211;19238,328943721095
119,21666473247203;5946,664732472025
63,9377611806208;-13270,0
100,0124744330405;-13257,525566959504
120,35270390297387;7082,7039029738735
109,3294247419591;-3940,575258040899
93,35822525112853;-13270,0
108,31162683065507;-4958,373169344928
92,78880469871775;-13270,0
80,83887182321465;-13270,0
82,07914536347974;-13270,0
81,76731911019955;-13270,0
125,37408304002935;12104,083040029349
131,42569499716183;18155,694997161827
151,5094680870737;38239,468087073714
68,93872938185221;-13270,0
141,3953892787632;28125,389278763192
115,1252197718088;1855,219771808801
137,0679486709109;23797,94867091091
117,7983984966241;4528,398496624104
160,56021699900577;47290,216999005774
108,87377433536834;-4396,225664631662
127,53778024572209;14267,78024572209
155,71457055990908;42444,57055990908
68,933063921904;-13270,0
104,8398556628902;-8430,1443371098
98,9122612920166;-13270,0
112,3868162809467;-883,183719053297
145,61255087431937;32342,550874319364
126,28681102158068;13016,811021580674
119,54155396076249;6271,553960762485
145,51221364389133;32242,21364389133
93,30020263493513;-13270,0
84,53367598816074;-13270,0
95,3502315988871;-13270,0
118,61241680379312;5342,416803793123
125,6327961394985;12362,796139498496
99,01108105277342;-13270,0
101,409219177429;-11860,780822571005
114,21247936495978;942,4793649597759
131,13675489376087;17866,754893760866
177,4655632300655;64195,5632300655
98,2736863340994;-13270,0
72,7101587060256;-13270,0
112,56264959933486;-707,3504006651383
92,19063704620419;-13270,0
124,95288614827751;11682,886148277514
83,05932001293624;-13270,0
136,2382184913527;22968,21849135271
110,89415474684851;-2375,8452531514868
95,7234484016048;-13270,0
161,18257074156867;47912,57074156867
89,90828891819373;-13270,0
100,4216241038564;-12848,375896143598
103,20563964874769;-10064,360351252308
89,40532589223676;-13270,0
145,86258648807708;32592,586488077082
138,17285026500346;24902,850265003464
126,33425845492252;13064,258454922521
110,26744939904003;-3002,5506009599685
100,74071622489554;-12529,283775104464
160,79305693887883;47523,056938878835
120,75532368861734;7485,323688617336
99,4410386090539;-13270,0
73,98718333465942;-13270,0
89,56267646631603;-13270,0
94,20234834154665;-13270,0
101,72757916005119;-11542,420839948807
98,81463611155729;-13270,0
85,72555194419262;-13270,0
117,86528080450684;4595,280804506838
125,58860085926958;12318,600859269576
123,74031513826027;10470,31513826027
106,42779013065623;-6842,209869343766
99,14996581392316;-13270,0
96,67469469334442;-13270,0
108,31989230167984;-4950,1076983201565
73,50510002664839;-13270,0
97,71572416215898;-13270,0
126,86213444397873;13592,134443978732
109,03907070584707;-4230,929294152933
128,69643048564868;15426,430485648678
134,00574097602004;20735,74097602004
105,39322958146313;-7876,770418536868
94,2926820175808;-13270,0
104,07790644096929;-9192,093559030713
143,64549517844864;30375,49517844864
147,1807105024714;33910,71050247141
137,23157807373602;23961,57807373602
91,2831849409273;-13270,0
101,93940542896358;-11330,594571036418
137,0165959837203;23746,59598372029
97,7865842474793;-13270,0
87,09229612705202;-13270,0
145,36448521673788;32094,485216737878
117,35830603148926;4088,3060314892646
87,16586249082235;-13270,0
97,61391223908409;-13270,0
119,9476229899397;6677,622989939704
117,25508455899485;3985,0845589948512
167,92688089847223;54656,88089847223
71,11461656719051;-13270,0
112,73657563009127;-533,4243699087328
81,03625307330795;-13270,0
95,73397437231024;-13270,0
92,59978599663616;-13270,0
118,23678962484266;4966,789624842659
109,17235088049327;-4097,64911950673
102,8078179594097;-10462,182040590296
121,71459757684903;8444,597576849032
84,65220410295939;-13270,0
91,7231214039418;-13270,0
105,20092738166325;-8069,0726183367515
76,40540679958181;-13270,0
107,40539465763584;-5864,6053423641615
96,9468547014272;-13270,0
79,71924018327222;-13270,0
133,85630958034284;20586,309580342837
90,89576839018991;-13270,0
139,21455854422285;25944,558544222855
102,66853877674944;-10601,461223250557
125,33978731742042;12069,787317420418
117,45131468362904;4181,314683629036
84,0694434056864;-13270,0
124,34824399702357;11078,243997023572
97,32839354110536;-13270,0
103,6235039050369;-9646,496094963102
100,33882906087166;-12931,17093912834
92,56943929799284;-13270,0
99,05196016321547;-13270,0
91,35832727811922;-13270,0
138,72173325043306;25451,733250433062
86,7191204218672;-13270,0
112,1191236721369;-1150,8763278631068
120,39181593298964;7121,815932989644
112,57772389853811;-692,27610146189
112,69727840549358;-572,7215945064236
129,12821566017203;15858,21566017203
118,6674520030542;5397,4520030541935
173,755992195887;60485,992195886996
97,43702741752121;-13270,0
108,2515106670354;-5018,4893329645965
90,01166812129352;-13270,0
185,32166948196058;72051,66948196058
100,07190348603774;-13198,09651396226
131,30049739938113;18030,49739938113
66,81224648200465;-13270,0
149,59116010966173;36321,16010966173
114,25425497909664;984,2549790966441
118,23863617314157;4968,636173141571
120,27089377998344;7000,893779983438
130,47223291706084;17202,232917060835
89,94526244286693;-13270,0
88,75540388983252;-13270,0
134,99487635843778;21724,87635843778
89,93536312179054;-13270,0
93,8166122547953;-13270,0
121,45215647670004;8182,156476700038
87,58677489901213;-13270,0
133,4449382094613;20174,938209461296
86,77728428583016;-13270,0
104,61381082760461;-8656,18917239539
129,75389259173244;16483,892591732438
104,5104765569263;-8759,523443073693
103,93593932879823;-9334,060671201772
109,74860520596938;-3521,394794030617
112,4779314557458;-792,0685442541962
130,50291835614337;17232,918356143367
112,1497799068988;-1120,2200931011994
135,235267475176;21965,26747517599
94,61448322016315;-13270,0
116,01781768084972;2747,8176808497174
120,3023072868008;7032,3072868007985
107,9352917726349;-5334,708227365102
83,19792688825012;-13270,0
120,72103570904287;7451,035709042866
175,76951140795921;62499,51140795922
128,4036949892964;15133,694989296411
190,18348286475083;76913,48286475083
82,31303659599935;-13270,0
78,4588456784706;-13270,0
91,74677381700324;-13270,0
106,4274919863272;-6842,508013672803
103,73184025304619;-9538,159746953814
126,57511118886286;13305,111188862862
168,422577389741;55152,57738974101
91,34384491520946;-13270,0
98,14640772523234;-13270,0
112,99728498716655;-272,7150128334488
69,49325482032613;-13270,0
110,17087677317967;-3099,1232268203294
119,10588207522939;5835,882075229387
102,41261086181912;-10857,389138180883
142,64924827145055;29379,248271450546
125,60596578985911;12335,965789859114
136,82528756156853;23555,287561568533
143,25039074450032;29980,39074450032
112,48496245976357;-785,0375402364352
142,96792172901252;29697,921729012516
63,302967260374544;-13270,0
97,50751520907764;-13270,0
122,87828547947852;9608,28547947852
102,2141475523852;-11055,852447614801
117,55437576751923;4284,375767519232
168,76714499686332;55497,144996863324
110,96021615415495;-2309,7838458450515
132,81159868230847;19541,598682308468
105,09205838660091;-8177,941613399089
125,56434327588326;12294,34327588326
85,24965953921632;-13270,0
127,57801403017935;14308,014030179347
102,69575740726677;-10574,242592733232
104,33635414342474;-8933,645856575258
154,18432773966998;40914,327739669985
85,22598916522787;-13270,0
133,02137459984937;19751,37459984937
73,77232781444413;-13270,0
93,2738551148844;-13270,0
93,39631871655378;-13270,0
117,31703022068967;4047,030220689674
110,17900129251473;-3090,9987074852725
103,66292209907657;-9607,077900923432
106,05634823619236;-7213,651763807637
99,55742513015348;-13270,0
93,88169476908408;-13270,0
100,22860196270047;-13041,398037299534
88,15363636182768;-13270,0
118,49444909680437;5224,449096804376
100,44679240422549;-12823,20759577451
131,7251102728771;18455,11027287709
116,87406388715009;3604,063887150085
110,67130620521135;-2598,693794788649
137,98259088748773;24712,590887487735
100,19765484873555;-13072,345151264448
54,78071334282239;-13270,0
88,22246291475507;-13270,0
116,44873909064069;3178,739090640687
86,74577144504096;-13270,0
156,93397678653233;43663,97678653233
112,03850569384679;-1231,494306153214
89,03757219964417;-13270,0
98,38707886555973;-13270,0
104,17045021019649;-9099,549789803508
92,59571836347853;-13270,0
114,96471745451198;1694,7174545119833
104,48593722077982;-8784,062779220183
113,93829004201142;668,2900420114165
123,04022363099232;9770,223630992314
95,19255006355046;-13270,0
153,4531659722643;40183,16597226429
139,76314546047558;26493,145460475585
60,756828894296056;-13270,0
103,98645265940887;-9283,54734059113
93,00366691282716;-13270,0
127,07599618994163;13805,996189941634
102,12244005289305;-11147,559947106945
134,54371189779218;21273,71189779218
114,20105035837737;931,0503583773734
92,46047558115;-13270,0
142,0789455970016;28808,94559700159
124,85479303000105;11584,793030001048
102,29321626218295;-10976,783737817048
116,98430706142105;3714,3070614210483
132,08495719853198;18814,95719853198
97,72105612199901;-13270,0
87,93401539576935;-13270,0
121,49498893669329;8224,988936693291
116,83513160489929;3565,1316048992885
115,48927024565174;2219,270245651738
123,49746873762449;10227,468737624487
105,98381855839962;-7286,181441600381
101,69555440607161;-11574,445593928393
101,95624043136722;-11313,75956863278
121,05939215040642;7789,392150406424
133,0762039571814;19806,20395718141
117,30404874884685;4034,0487488468534
108,11636523788368;-5153,634762116316
143,72391084182854;30453,91084182854
120,58101992674813;7311,019926748126
116,51935174518108;3249,351745181084
123,66965533069072;10399,655330690715
169,8502738897879;56580,2738897879
187,5053239533729;74235,3239533729
135,73677253078415;22466,772530784154
85,72905660151783;-13270,0
156,0293353237015;42759,3353237015
158,00996481316625;44739,96481316625
86,70137461542721;-13270,0
143,54160782377272;30271,60782377272
103,45630491295235;-9813,695087047652
111,97949414927572;-1290,5058507242775
104,33707019260434;-8932,929807395656
99,76308391225885;-13270,0
91,39098335616406;-13270,0
96,44361291057845;-13270,0
119,2044995751129;5934,499575112906
116,01261972634664;2742,619726346642
113,16700317690376;-102,99682309623859
80,77574079238907;-13270,0
89,09840427893488;-13270,0
123,00733335531287;9737,333355312865
101,31942878648606;-11950,571213513944
135,8113892057369;22541,3892057369
132,39611007588937;19126,110075889366
137,7415858105574;24471,585810557408
96,11943653969686;-13270,0
112,44802202438011;-821,9779756198914
88,5876585855214;-13270,0
94,76686353789515;-13270,0
82,88375564343542;-13270,0
117,93793270577515;4667,932705775154
108,05244902489113;-5217,550975108868
116,8187455349804;3548,745534980393
91,53899210447105;-13270,0
93,23000695551761;-13270,0
138,1587508714053;24888,75087140529
87,06418911913708;-13270,0
118,46024467047542;5190,244670475418
108,4128917127114;-4857,1082872886
149,2819658206388;36011,96582063879
125,30511285855258;12035,112858552577
82,69101227993326;-13270,0
118,32515082284208;5055,150822842075
122,88690481559374;9616,904815593738
77,0606901639421;-13270,0
126,81605403282816;13546,054032828164
128,3826855947528;15112,685594752787
111,35405585766406;-1915,9441423359349
116,5258609687054;3255,8609687054013
104,67275591091636;-8597,244089083635
113,09791802934896;-172,08197065103923
137,52274283765055;24252,742837650556
102,48963988362007;-10780,360116379929
119,05169185810074;5781,691858100738
105,7395880268855;-7530,4119731145
91,68626567953862;-13270,0
87,41015463520915;-13270,0
133,95418094588263;20684,180945882625
97,73632296634993;-13270,0
149,7049790757452;36434,9790757452
128,76486394138155;15494,863941381547
94,55765581193648;-13270,0
91,19054698239916;-13270,0
124,94542016168653;11675,420161686528
80,35024464770379;-13270,0
122,06849006660545;8798,49006660545
128,11361706918228;14843,617069182284
75,1790568435464;-13270,0
99,60207605257033;-13270,0
120,4005762511122;7130,5762511121975
138,87904264742065;25609,042647420647
88,61074051926508;-13270,0
99,15287780105831;-13270,0
97,8026624491258;-13270,0
106,57414013690484;-6695,859863095156
125,11823324149871;11848,233241498714
107,55389286298723;-5716,107137012774
99,51231935928023;-13270,0
95,51390238162112;-13270,0
108,50135019512696;-4768,649804873039
100,34662740355147;-12923,372596448535
132,9448140362613;19674,814036261305
121,97945337371678;8709,45337371678
87,68302463791187;-13270,0
126,90105569249373;13631,055692493726
104,08007996580429;-9189,920034195711
107,34669817705307;-5923,301822946929
128,64726169148238;15377,261691482385
137,00036329991042;23730,363299910416
155,5179648849744;42247,96488497439
107,70465951452609;-5565,340485473915
139,64734156499756;26377,341564997558
95,9481873291744;-13270,0
122,8119763795771;9541,976379577103
108,71352385368525;-4556,476146314755
146,13308744307975;32863,08744307975
84,71782251864668;-13270,0
106,4662165814962;-6803,783418503802
108,81426870794503;-4455,731292054967
84,02687939656829;-13270,0
143,05440286551863;29784,402865518627
119,66181007434918;6391,810074349178
90,60483706542341;-13270,0
103,90498637718495;-9365,013622815046
95,54996313625709;-13270,0
115,6328978760503;2362,897876050294
77,31291260987479;-13270,0
105,67663101877139;-7593,368981228612
118,49350390128667;5223,503901286673
108,18529974889992;-5084,700251100077
160,4853396231471;47215,3396231471
81,38222741660338;-13270,0
126,26941408158932;12999,414081589319
108,66643919964523;-4603,560800354775
105,63292787102412;-7637,072128975878
93,77452674481539;-13270,0
81,91660044541393;-13270,0
100,87876707373155;-12391,232926268447
83,5130745237539;-13270,0
98,46370007963654;-13270,0
107,91005840135996;-5359,941598640038
140,76387652122486;27493,87652122486
112,53342896169438;-736,5710383056157
84,94244215262144;-13270,0
91,03735954289421;-13270,0
74,21312481493733;-13270,0
130,62948290726195;17359,482907261947
87,37582437053969;-13270,0
110,42756361680448;-2842,4363831955234
115,46659357329314;2196,5935732931393
123,71942174379467;10449,421743794668
114,24411144601709;974,1114460170866
124,55116348931365;11281,16348931365
84,18781622686473;-13270,0
106,47820967116499;-6791,79032883501
147,89198186463105;34621,98186463105
157,93522036299188;44665,22036299189
102,23479184578588;-11035,208154214122
71,40916511449468;-13270,0
59,0613743657303;-13270,0
90,80497967267034;-13270,0
122,18394382848803;8913,943828488027
108,95921130364256;-4310,788696357438
114,40894647983974;1138,946479839742
109,39843212733768;-3871,5678726623155
114,30624649570478;1036,2464957047832
111,24970042056749;-2020,299579432507
73,04749514776708;-13270,0
87,68293962314424;-13270,0
109,00668172938914;-4263,318270610856
110,51961905753775;-2750,380942462247
129,87856403713545;16608,564037135446
124,01318551156429;10743,185511564287
101,01835200565334;-12251,647994346658
123,03031918301535;9760,319183015352
98,3050415654979;-13270,0
86,72842893228069;-13270,0
176,86386240828148;63593,86240828148
125,96542524297361;12695,425242973608
115,731924535677;2461,924535676995
106,45441348763647;-6815,586512363528
125,44610548140265;12176,105481402654
116,7957751336389;3525,7751336388974
101,20199617870387;-12068,003821296135
106,2391846651232;-7030,8153348767955
113,79268138035104;522,6813803510413
92,65706889826231;-13270,0
93,40379371545727;-13270,0
179,82325013535626;66553,25013535625
111,31681300301;-1953,1869969900035
119,50615188068328;6236,1518806832755
136,74543872268038;23475,438722680374
152,4998111773942;39229,81117739421
112,9337721717665;-336,2278282334937
97,47950119605345;-13270,0
109,38420477600029;-3885,795223999712
123,78074763486265;10510,747634862648
65,36369087556805;-13270,0
128,86378717637626;15593,787176376263
89,22031682711025;-13270,0
64,98036617840225;-13270,0
106,49013632558606;-6779,863674413936
127,82952328605847;14559,523286058473
84,1586679939125;-13270,0
129,48118965805915;16211,18965805915
96,69815966157425;-13270,0
157,81449353863474;44544,493538634735
106,79357334294848;-6476,426657051523
81,79958547411155;-13270,0
153,35724899131606;40087,24899131605
109,78603327705979;-3483,966722940213
101,11547628303894;-12154,523716961055
67,96296538069737;-13270,0
79,71225972835805;-13270,0
79,30904306822217;-13270,0
150,13174300464442;36861,74300464442
107,7511531554662;-5518,846844533801
122,0779961294119;8807,996129411902
100,85693550942045;-12413,064490579547
97,98635380722943;-13270,0
110,80953413110844;-2460,4658688915642
147,06933456453234;33799,33456453234
81,81919667072323;-13270,0
96,74428618759768;-13270,0
82,68387049027145;-13270,0
93,74068113143795;-13270,0
115,07916077729148;1809,1607772914776
89,5826398899885;-13270,0
161,39037269039358;48120,372690393575
113,60163717898098;331,63717898098
137,35874543581403;24088,74543581403
89,97280162016993;-13270,0
88,2097585380288;-13270,0
90,68124895634216;-13270,0
91,0965574416811;-13270,0
148,07540353425418;34805,403534254176
76,44332995988563;-13270,0
88,57231014133642;-13270,0
109,88801169023633;-3381,988309763674
99,62461324176208;-13270,0
85,80999542967731;-13270,0
113,26191335581699;-8,08664418301305
97,97238348119325;-13270,0
104,68022905092593;-8589,770949074069
123,78327205458142;10513,272054581415
125,99866001586584;12728,660015865837
90,98591059458774;-13270,0
112,0617165076353;-1208,2834923647042
93,73321832706121;-13270,0
100,41268588587427;-12857,314114125733
153,55320755691477;40283,20755691477
73,82969506065443;-13270,0
96,58457061291497;-13270,0
106,55386659784354;-6716,133402156463
128,7479998651053;15477,9998651053
122,56704778645991;9297,047786459909
123,49164348211117;10221,643482111172
102,4252091244999;-10844,790875500099
81,01578439085641;-13270,0
112,35238370840412;-917,6162915958812
82,15551657905449;-13270,0
100,11353859052785;-13156,461409472147
116,95144883088116;3681,4488308811633
116,63829664391;3368,2966439099946
131,97652466810388;18706,524668103877
144,3239962962647;31053,99629626471
121,56505691629647;8295,056916296471
108,893051317451;-4376,948682549004
83,91043317536575;-13270,0
134,57112876066532;21301,12876066532
112,99010255202222;-279,89744797777894
145,1768161823022;31906,816182302187
155,3094314221102;42039,43142211021
125,75366283056597;12483,662830565972
82,00923448745682;-13270,0
114,99013941629757;1720,1394162975666
91,88819358687869;-13270,0
114,07588852656443;805,8885265644276
89,92714748082652;-13270,0
141,79891651202584;28528,91651202584
158,07565274173558;44805,65274173558
132,55961304935403;19289,613049354026
129,4264445156419;16156,444515641891
110,52247275335574;-2747,5272466442566
142,36844952154914;29098,44952154914
82,79164852873167;-13270,0
83,72126477083519;-13270,0
96,99197171245989;-13270,0
154,99575828249456;41725,758282494564
93,49000033742992;-13270,0
130,5435123457256;17273,512345725587
123,14305790255786;9873,057902557855
97,79196693330657;-13270,0
139,10151737569868;25831,517375698677
65,03897530980467;-13270,0
108,72493903403885;-4545,0609659611455
89,89835922476273;-13270,0
102,25374266350047;-11016,257336499526
99,89342792241582;-13270,0
105,99292299013452;-7277,077009865483
116,43906744208563;3169,0674420856303
137,57153445374234;24301,534453742344
78,60995611444575;-13270,0
92,25405997913123;-13270,0
104,1348839481525;-9135,116051847494
113,66719240816244;397,19240816243473
108,88808193827929;-4381,918061720715
131,29181892086092;18021,81892086092
107,43468898250099;-5835,311017499013
139,1641264369966;25894,12643699661
97,30837827689459;-13270,0
106,6308665462169;-6639,133453783107
97,93508726150972;-13270,0
166,195378704761;52925,378704760995
100,91110495145372;-12358,895048546277
142,94639559276138;29676,39559276138
87,98494614563883;-13270,0
153,1764563407437;39906,456340743694
76,91018348379536;-13270,0
100,17554307964282;-13094,45692035718
150,3937235347556;37123,72353475559
79,45456834822349;-13270,0
109,70232525257528;-3567,674747424722
84,70521484771835;-13270,0
107,49840267676613;-5771,5973232338665
100,41608660164665;-12853,913398353347
103,87353923903511;-9396,460760964888
109,41253427377933;-3857,465726220671
88,33166564951787;-13270,0
101,55370545746084;-11716,294542539164
111,87459485521991;-1395,4051447800884
138,26441439069004;24994,414390690035
120,3526667906186;7082,666790618598
154,23009076792715;40960,090767927155
129,5701031202065;16300,10312020651
110,85463414886195;-2415,3658511380527
115,70088505293627;2430,8850529362717
118,16502885345741;4895,028853457414
88,16015344109711;-13270,0
83,07933315430725;-13270,0
69,4589452451822;-13270,0
95,59291521634601;-13270,0
142,8800440840706;29610,044084070592
110,57211950060162;-2697,880499398383
132,04602285792566;18776,022857925665
113,02338250709593;-246,61749290406806
134,2910883680006;21021,0883680006
111,97324676468008;-1296,7532353199167
114,88935621382797;1619,3562138279667
88,69896151328584;-13270,0
101,77021280611496;-11499,787193885044
92,40602594461049;-13270,0
126,90791579909131;13637,915799091312
135,1571895175639;21887,189517563893
81,83769042306696;-13270,0
109,7939647306194;-3476,035269380607
75,94391293904657;-13270,0
130,77262033996402;17502,62033996402
120,63877169000767;7368,771690007674
87,29572822248095;-13270,0
114,63627136350564;1366,2713635056425
110,81590327094588;-2454,0967290541194
120,2575733320055;6987,573332005508
88,80057624737165;-13270,0
116,65144134816808;3381,4413481680785
111,00964328814709;-2260,3567118529118
86,03615336751402;-13270,0
117,7852337085538;4515,233708553806
111,25141643526402;-2018,58356473598
142,63714916743595;29367,14916743595
89,05117311631857;-13270,0
108,76544747079961;-4504,552529200386
146,50661437094934;33236,61437094933
137,0945469195487;23824,546919548688
80,97840798546173;-13270,0
131,7141089711404;18444,108971140406
88,35813623571718;-13270,0
115,7916949354497;2521,6949354496974
101,81784200588415;-11452,157994115854
94,38230255519082;-13270,0
89,53585875237296;-13270,0
113,2043562187685;-65,64378123150527
81,14443416716104;-13270,0
72,8708883511559;-13270,0
130,24275441355317;16972,75441355317
122,9944422287349;9724,442228734897
153,25495879601525;39984,95879601524
106,52451079224876;-6745,489207751238
107,55332737801886;-5716,672621981136
115,22603274040632;1956,0327404063246
122,55706172522898;9287,061725228978
116,58669058528453;3316,6905852845302
115,16219936881184;1892,19936881184
107,54720004721887;-5722,799952781134
113,5386901663241;268,6901663241024
97,01057937762522;-13270,0
143,19673326146614;29926,733261466135
142,14661953881424;28876,619538814237
95,84775523406289;-13270,0
139,0856708259228;25815,67082592279
121,70959153258627;8439,591532586273
104,89251653457912;-8377,483465420884
87,26504972346912;-13270,0
128,74514922176138;15475,149221761381
136,0745324055115;22804,53240551149
101,88160124745727;-11388,398752542731
104,1733906590675;-9096,609340932508
85,7769844971635;-13270,0
112,97965184182759;-290,34815817240997
124,12263357542233;10852,633575422326
111,2391203404772;-2030,8796595227996
85,20898735510447;-13270,0
74,97543270914053;-13270,0
130,01911568667708;16749,115686677083
104,02147335960447;-9248,526640395528
76,45425389706088;-13270,0
86,08930634485769;-13270,0
109,419884375362;-3850,115624637998
95,26008608135355;-13270,0
130,95908460841665;17689,084608416644
108,72515394315502;-4544,846056844979
88,84575402475475;-13270,0
105,1861735858302;-8083,826414169796
104,57651850691796;-8693,481493082036
119,68000336742826;6410,003367428257
103,16704268483366;-10102,957315166339
79,62993159994565;-13270,0
115,62763042004174;2357,63042004174
144,06239289296218;30792,392892962176
109,9772367321001;-3292,7632678999034
94,2274539001369;-13270,0
99,88207325150789;-13270,0
117,10841657037659;3838,4165703765902
93,19611245325254;-13270,0
105,81164798364;-7458,35201636
95,45995797048994;-13270,0
121,94420294284302;8674,202942843021
111,0737066805459;-2196,2933194541038
87,06573883988901;-13270,0
97,10521837575658;-13270,0
125,9203824748584;12650,382474858401
113,77060295227047;500,6029522704648
60,965497446190206;-13270,0
103,3453424964226;-9924,657503577397
111,93624373796591;-1333,7562620340905
139,10974224774887;25839,742247748873
145,34259067093424;32072,590670934245
147,41221320667324;34142,213206673245
95,77677095745236;-13270,0
111,0306682806528;-2239,3317193471958
101,65533124253221;-11614,668757467787
71,32124313714004;-13270,0
105,94107303992884;-7328,926960071161
82,14211633896467;-13270,0
95,97144894987053;-13270,0
120,54651450018925;7276,514500189245
112,32917823038078;-940,8217696192241
117,31400381936825;4044,003819368252
109,72322483013701;-3546,7751698629872
116,17682806174795;2906,828061747954
110,75834506964468;-2511,654930355324
80,61538418993867;-13270,0
100,90088741961448;-12369,112580385523
109,83763470543472;-3432,3652945652757
135,09719577498342;21827,19577498342
99,43298444297585;-13270,0
110,31207962222962;-2957,9203777703824
186,27980357022892;73009,80357022892
124,32760646165345;11057,606461653446
109,09282348772594;-4177,1765122740635
108,63015099824788;-4639,849001752114
107,3914246064604;-5878,575393539596
88,91626671121797;-13270,0
119,14841194417075;5878,411944170748
94,54669666277667;-13270,0
87,48022959802762;-13270,0
77,19020324424054;-13270,0
95,82075263957832;-13270,0
124,42258224890908;11152,582248909079
104,3627131346738;-8907,286865326203
80,18939280514196;-13270,0
89,66408325950518;-13270,0
127,75961835173197;14489,618351731973
113,37612599956644;106,12599956644044
90,54673721044489;-13270,0
102,56034329965786;-10709,65670034214
151,4389852779176;38168,98527791759
99,52235689789065;-13270,0
97,35332334715275;-13270,0
102,0111485027057;-11258,851497294305
118,77261382605593;5502,613826055931
112,09165905263762;-1178,340947362376
118,88817320909119;5618,173209091194
124,32057743884086;11050,577438840857
105,90191055284177;-7368,0894471582305
120,75132913003073;7481,329130030725
115,80548814235428;2535,4881423542774
68,4564856406615;-13270,0
91,45417726814935;-13270,0
111,01330121921187;-2256,6987807881324
113,9577272155514;687,7272155514001
102,52151770240312;-10748,482297596884
100,8828437907586;-12387,1562092414
119,34147872953925;6071,478729539249
93,34372665027985;-13270,0
99,01501642999068;-13270,0
126,10852879121764;12838,528791217635
87,79115516321109;-13270,0
102,70110736448224;-10568,89263551776
106,80185574059237;-6468,144259407627
142,4883923141121;29218,392314112105
154,20555658441975;40935,556584419755
129,61431697042468;16344,316970424683
86,78475524475058;-13270,0
91,03936002686378;-13270,0
121,20886176605276;7938,861766052763
87,16813977636943;-13270,0
92,8646881680889;-13270,0
126,45533610165143;13185,336101651425
100,75120024523001;-12518,79975476999
112,05206322193104;-1217,9367780689645
156,68851241676177;43418,51241676177
156,4123240306937;43142,32403069369
124,10260443918708;10832,604439187075
92,94097625299746;-13270,0
68,53597948291133;-13270,0
109,10526631313995;-4164,7336868600505
94,07742440240816;-13270,0
94,13336993312143;-13270,0
160,55173106983113;47281,731069831134
127,78711322392178;14517,113223921777
130,5722288310503;17302,228831050295
145,80597306467584;32535,97306467584
141,72600260601527;28456,002606015274
99,63597779523342;-13270,0
113,17021954627491;-99,78045372509223
89,90526506849275;-13270,0
101,85042554218326;-11419,57445781674
151,50959953526407;38239,599535264075
108,02834729153244;-5241,652708467559
116,97840271024751;3708,4027102475084
119,1474541125995;5877,454112599506
61,40843320521928;-13270,0
109,25355262677732;-4016,4473732226797
131,5833979674136;18313,397967413588
98,18955567900785;-13270,0
113,87998595315794;609,9859531579423
95,95535587206467;-13270,0
152,86678848035044;39596,788480350435
81,02175405028679;-13270,0
101,97366944529574;-11296,330554704258
100,44740324400145;-12822,596755998551
90,89884769809531;-13270,0
130,53639603722942;17266,396037229424
101,38183690052233;-11888,16309947767
112,89984149170928;-370,1585082907186
103,46819705452366;-9801,802945476344
146,9276631693309;33657,66316933091
74,85998495082387;-13270,0
127,76809215245244;14498,092152452438
128,72294990519782;15452,949905197824
74,26014404550438;-13270,0
144,82241324996815;31552,41324996815
61,58332170339755;-13270,0
156,8168766336187;43546,8766336187
99,57112544442829;-13270,0
111,20192671341032;-2068,0732865896844
131,40579346153888;18135,793461538877
109,01464977981898;-4255,350220181019
83,03483935823814;-13270,0
134,1862833838829;20916,28338388291
98,22374667799347;-13270,0
115,856011580759;2586,0115807590028
117,66658288343773;4396,582883437728
107,73831934536744;-5531,680654632556
111,66912841351578;-1600,8715864842216
76,79403498744725;-13270,0
86,47645832890352;-13270,0
79,22390561639578;-13270,0
105,07365257254595;-8196,347427454046
105,09999212908019;-8170,007870919808
97,31700307935441;-13270,0
138,09033103440214;24820,331034402137
69,1405250975792;-13270,0
136,03822586560705;22768,225865607048
118,93422981732587;5664,229817325871
111,54385486108416;-1726,1451389158428
107,58726500951492;-5682,734990485077
98,96081166243964;-13270,0
86,40050993438228;-13270,0
143,70955853793072;30439,558537930716
69,68444631181002;-13270,0
135,72764324690664;22457,643246906635
118,12516503602303;4855,165036023034
111,88594728742906;-1384,0527125709377
89,47934578203929;-13270,0
146,33506269368033;33065,06269368033
71,2905190579814;-13270,0
107,77143342604431;-5498,566573955689
108,54192843051437;-4728,071569485624
86,26559839886025;-13270,0
81,28135750613679;-13270,0
82,87754260546234;-13270,0
147,90251075260764;34632,51075260764
152,65224193434918;39382,24193434918
107,76624142179867;-5503,758578201332
90,57911368417192;-13270,0
89,15618778995743;-13270,0
99,87393040719846;-13270,0
99,61536931392581;-13270,0
103,28523653987705;-9984,763460122953
151,39451978721087;38124,51978721087
145,72050337055475;32450,503370554754
118,07729097459368;4807,290974593681
117,10288336037405;3832,8833603740495
108,46840228576463;-4801,597714235375
113,14353562729025;-126,46437270975184
110,59524561944991;-2674,754380550088
77,4175341357293;-13270,0
84,21161858558213;-13270,0
118,76406541190411;5494,065411904114
125,42830897971946;12158,308979719459
121,56084912181299;8290,849121812993
118,06104371578516;4791,043715785159
135,79081964180227;22520,81964180227
100,27502838873463;-12994,971611265375
112,81005614067115;-459,9438593288487
100,05812576071926;-13211,874239280736
71,88702309711744;-13270,0
102,20370925997643;-11066,290740023565
102,12662184435241;-11143,378155647586
119,45664286288893;6186,642862888926
121,67574725140604;8405,747251406036
98,7732664281923;-13270,0
101,90597093068803;-11364,029069311971
105,0816393171559;-8188,360682844096
80,00135349281537;-13270,0
128,88920167405072;15619,201674050724
107,50852775480702;-5761,47224519298
117,02621986471249;3756,219864712486
111,22666705727136;-2043,3329427286444
128,08983772577147;14819,837725771475
92,28425634866191;-13270,0
114,27393740589112;1003,937405891118
118,96401884507668;5694,01884507668
118,73183678829413;5461,836788294131
87,76734690034613;-13270,0
108,13609697255251;-5133,903027447492
104,00561994419553;-9264,38005580447
114,7790680968238;1509,0680968238066
94,756069687401;-13270,0
98,015786850595;-13270,0
114,78318780852628;1513,1878085262779
102,94527022128857;-10324,729778711433
115,51324216949526;2243,2421694952573
114,2187799861357;948,7799861357016
121,23657635454038;7966,576354540375
100,92899316489563;-12341,00683510437
111,82108321576922;-1448,9167842307797
87,28876099935508;-13270,0
94,55355768983098;-13270,0
111,28691773169822;-1983,082268301776
102,34193873916821;-10928,061260831786
137,8796767878988;24609,676787898803
178,51370851594496;65243,70851594495
148,02115364027478;34751,15364027477
123,20182384868244;9931,823848682438
141,70255097702992;28432,550977029918
101,67330933196537;-11596,69066803463
151,4251506143257;38155,1506143257
91,49714309518868;-13270,0
95,41116460875848;-13270,0
162,87425391459715;49604,253914597146
116,59656441673837;3326,5644167383725
71,42185344194567;-13270,0
132,58973806195345;19319,738061953456
84,59435216691818;-13270,0
97,39593635872168;-13270,0
126,59796914189741;13327,969141897407
96,90184938437022;-13270,0
98,16839157838886;-13270,0
81,13411738545707;-13270,0
111,06808943349604;-2201,9105665039588
146,36048785722565;33090,48785722565
102,50829642705183;-10761,703572948169
142,8267076314154;29556,70763141539
83,98480069545538;-13270,0
139,65598772929698;26385,987729296983
98,7583847714379;-13270,0
122,20490388878356;8934,903888783563
122,94057769250999;9670,577692509989
96,93949058624933;-13270,0
110,0225523080083;-3247,4476919916997
98,72434503262802;-13270,0
126,9174303489234;13647,430348923404
85,95496538717337;-13270,0
111,92726008436205;-1342,7399156379543
154,25006081698498;40980,06081698499
139,8566773290636;26586,67732906359
87,65849903561109;-13270,0
98,4577978543928;-13270,0
80,98136704387146;-13270,0
88,23045663376693;-13270,0
99,10184969699966;-13270,0
148,72918153024585;35459,181530245856
130,04242794450667;16772,42794450667
157,69665644573567;44426,65644573567
104,00160313139683;-9268,396868603166
119,90450997801916;6634,509978019163
82,41113933900903;-13270,0
133,11014672184908;19840,14672184908
63,5978881677878;-13270,0
86,86593059196296;-13270,0
125,20689793081081;11936,89793081081
93,96978635246879;-13270,0
122,50738879997407;9237,388799974065
145,7040155942144;32434,015594214412
106,52519300636347;-6744,806993636534
91,87537626819523;-13270,0
93,79011825006285;-13270,0
82,05603299470945;-13270,0
151,91784212833386;38647,84212833386
100,54987978290897;-12720,120217091026
70,75025674664289;-13270,0
102,35242727677452;-10917,57272322548
111,22099507146407;-2049,0049285359255
110,11065157096999;-3159,3484290300075
94,69820932950512;-13270,0
101,30042800334485;-11969,571996655151
168,952046567779;55682,046567779005
121,18106909413977;7911,069094139773
90,71765572257392;-13270,0
102,38145308562818;-10888,546914371818
127,21347493042646;13943,474930426459
102,70999762327587;-10560,002376724133
125,17375756028616;11903,757560286162
117,00763764643281;3737,637646432813
99,87712124971303;-13270,0
110,20630969113634;-3063,690308863659
105,192407573986;-8077,592426013997
95,7843973938478;-13270,0
94,4227309196527;-13270,0
139,0667685858306;25796,7685858306
111,4137759339521;-1856,2240660479038
113,31322789891212;43,22789891211687
80,63083421678547;-13270,0
107,10430494330767;-6165,695056692332
107,99601538586539;-5273,984614134609
97,10142919131152;-13270,0
122,39757060141794;9127,570601417938
123,70916258405519;10439,162584055193
176,26509523948602;62995,09523948602
108,97006134036715;-4299,938659632848
155,71402945602728;42444,029456027274
119,22741915546501;5957,419155465013
143,72503272029184;30455,032720291834
92,00114053199762;-13270,0
87,60556932281716;-13270,0
133,98803529703946;20718,03529703946
123,78198867408246;10511,988674082455
101,28282738993559;-11987,17261006441
95,83875548261514;-13270,0
108,31313834763903;-4956,861652360974
113,13141630884367;-138,58369115633104
86,76187355096278;-13270,0
117,06068484043976;3790,6848404397606
109,72018287631933;-3549,817123680672
158,07656012643204;44806,56012643204
123,03907472551508;9769,074725515078
109,32780988857019;-3942,1901114298125
71,0491255831641;-13270,0
112,08178711214576;-1188,212887854239
122,24107049810354;8971,070498103538
99,90317333297007;-13270,0
87,36922849017634;-13270,0
133,5846115259774;20314,61152597741
127,76678554508231;14496,785545082315
131,75388377411917;18483,883774119175
112,92403066583769;-345,9693341623097
145,06973516601062;31799,735166010614
89,14678062611114;-13270,0
128,8873002703965;15617,30027039651
105,72201771087737;-7547,982289122633
107,27401426993659;-5995,985730063414
93,60570576804852;-13270,0
107,72216247000388;-5547,83752999612
91,0729044605915;-13270,0
94,6423012089696;-13270,0
102,79946083620463;-10470,539163795369
107,46489847119567;-5805,101528804333
154,05784189457538;40787,84189457537
151,08857333293776;37818,573332937754
105,042434965467;-8227,565034533005
140,82850520635174;27558,505206351736
81,9600592651341;-13270,0
113,30957445019467;39,57445019467377
125,13517685476361;11865,176854763613
151,21813683125606;37948,13683125606
100,3158178918345;-12954,182108165502
122,3630538846255;9093,0538846255
127,31717876472102;14047,178764721022
120,3709944597699;7100,994459769903
83,93047236895623;-13270,0
82,13609461161111;-13270,0
69,54141050524474;-13270,0
118,48636393058207;5216,3639305820725
117,93161946961132;4661,61946961132
114,83335934087265;1563,3593408726465
96,87013864101259;-13270,0
88,93034464872804;-13270,0
116,39672322982406;3126,7232298240633
79,59326377023268;-13270,0
142,9817909851212;29711,790985121195
114,89978054965428;1629,7805496542805
118,43950172009966;5169,501720099655
125,6886049414577;12418,6049414577
84,81569530308657;-13270,0
114,79780671547555;1527,8067154755445
81,8790459404507;-13270,0
117,27685952524408;4006,859525244079
98,42960735321925;-13270,0
107,38843535441463;-5881,564645585375
129,42543142957032;16155,431429570323
110,52569927394522;-2744,3007260547784
116,90598716812404;3635,987168124044
129,62531826294676;16355,318262946763
142,2444850795292;28974,4850795292
163,89885190558763;50628,85190558763
74,58020688837422;-13270,0
170,1798651351757;56909,8651351757
84,08391948102873;-13270,0
98,83122978785161;-13270,0
138,7216786297574;25451,678629757407
64,7085308616075;-13270,0
118,92851814801348;5658,518148013482
142,67191873656003;29401,91873656003
92,15338489203842;-13270,0
125,2907573262721;12020,757326272102
94,25297136196716;-13270,0
103,36409999639231;-9905,900003607687
106,10271044700812;-7167,289552991879
91,06783147417322;-13270,0
134,45602479285853;21186,02479285853
115,22478269257222;1954,7826925722202
78,07602562553822;-13270,0
81,72718918698556;-13270,0
99,58785828726342;-13270,0
108,98748508399412;-4282,5149160058845
124,94057227896498;11670,572278964977
80,95033229071079;-13270,0
106,13289369296336;-7137,106307036636
98,52246709359406;-13270,0
110,34354258572954;-2926,4574142704623
99,21194995529784;-13270,0
145,42817251155188;32158,17251155188
72,11639517920793;-13270,0
157,51906760141446;44249,06760141446
111,97239934016045;-1297,6006598395506
120,0103544159812;6740,354415981197
93,68972282078036;-13270,0
103,07984679393398;-10190,153206066017
163,49529882495918;50225,29882495918
72,93020554478741;-13270,0
119,69378330701157;6423,78330701157
135,05108801111666;21781,088011116663
77,8080051446833;-13270,0
106,16108916335469;-7108,910836645311
129,8457464580937;16575,746458093716
159,17930683645196;45909,30683645196
160,46308144414363;47193,08144414362
74,33934640640838;-13270,0
126,05989644915682;12789,896449156822
69,47634537362765;-13270,0
105,8660153977142;-7403,984602285807
111,23334823026738;-2036,651769732618
123,46061581196177;10190,615811961772
125,6837673991306;12413,7673991306
116,76711333235804;3497,113332358036
156,6625751985546;43392,57519855461
180,6042015922673;67334,20159226729
112,3354806887924;-934,5193112075995
85,65094969740905;-13270,0
98,98906635927958;-13270,0
128,8988260647071;15628,826064707093
85,28435935472544;-13270,0
80,7993077466651;-13270,0
128,09600342843322;14826,003428433221
109,25618342782253;-4013,816572177466
128,39568833700682;15125,688337006817
99,88068753039289;-13270,0
101,80650909865324;-11463,490901346762
135,64485240614633;22374,852406146325
90,5580464949308;-13270,0
91,99864060289529;-13270,0
97,7313326519379;-13270,0
93,65817807111154;-13270,0
135,72820290772393;22458,202907723928
118,0078805524943;4737,880552494298
98,3026651573855;-13270,0
96,34546897761852;-13270,0
90,97840087426485;-13270,0
96,328825885733;-13270,0
96,6708400777436;-13270,0
114,77952924000763;1509,5292400076341
91,2389272057505;-13270,0
77,9998466848937;-13270,0
100,39501130761779;-12874,988692382207
59,164098920201916;-13270,0
98,16694687201813;-13270,0
126,98660477844979;13716,60477844979
68,73431641314531;-13270,0
114,77800043360394;1508,0004336039347
100,83206565378435;-12437,934346215645
152,54660401397297;39276,60401397297
103,83685686600049;-9433,14313399951
132,88919488914823;19619,19488914823
83,81813827273533;-13270,0
105,48233282651573;-7787,66717348427
98,94351724556105;-13270,0
127,3215277395505;14051,527739550504
112,8159582191774;-454,0417808225957
132,64899628322226;19378,99628322226
141,64868992385007;28378,68992385007
101,8541099650117;-11415,890034988299
139,38784948812608;26117,849488126078
128,08199793074021;14811,997930740214
151,91738168028346;38647,381680283455
104,64537249236292;-8624,627507637077
109,40653592964082;-3863,464070359176
118,53661855464159;5266,618554641591
120,04790215811892;6777,902158118915
169,3063933898243;56036,39338982431
106,55862549647053;-6711,374503529474
90,7455729987868;-13270,0
114,72664400034151;1456,6440003415082
109,45971981976497;-3810,2801802350295
119,40152727499512;6131,527274995118
137,05944393355713;23789,443933557137
111,18601941073524;-2083,9805892647582
151,81578188424317;38545,781884243166
120,17906936805917;6909,069368059176
157,72204969707462;44452,049697074624
97,66838626303613;-13270,0
118,15528278466414;4885,282784664138
133,31942070688171;20049,420706881712
108,18665413114863;-5083,345868851371
108,09717191036852;-5172,828089631484
97,91819366939424;-13270,0
127,3732058140109;14103,2058140109
109,21828138173034;-4051,718618269664
111,80022250448047;-1469,7774955195273
99,27542820131848;-13270,0
135,62637028648788;22356,370286487887
89,52843419423982;-13270,0
132,84424117209443;19574,24117209443
121,38781288409788;8117,8128840978825
109,74882356920853;-3521,1764307914746
136,33393472601625;23063,934726016254
81,4368871723524;-13270,0
93,82395306813663;-13270,0
109,2809727243903;-3989,027275609704
92,88856549394147;-13270,0
117,31020930826155;4040,2093082615465
121,28963736664112;8019,637366641116
150,76253551932808;37492,535519328085
97,81098492329599;-13270,0
121,55808327165911;8288,083271659114
127,24361822797023;13973,61822797023
123,18924802341802;9919,248023418018
119,6886520754316;6418,652075431604
106,06999174222254;-7200,008257777459
82,51472181821411;-13270,0
107,16584411528788;-6104,155884712118
131,03980729391174;17769,807293911734
104,49085942113993;-8779,14057886007
96,91273916340846;-13270,0
130,07453331460778;16804,533314607776
88,6867187521918;-13270,0
129,70422846000093;16434,228460000933
106,64397893633976;-6626,021063660236
128,41245640633187;15142,456406331868
112,25633170336751;-1013,6682966324915
96,0316562081445;-13270,0
152,27869130775704;39008,69130775704
82,30411965064829;-13270,0
128,32640255623406;15056,402556234058
106,79516179890607;-6474,838201093935
104,74687519868984;-8523,124801310165
130,60008168716638;17330,08168716638
135,5172383541717;22247,2383541717
128,0712738885873;14801,273888587315
91,97807887327578;-13270,0
128,016937865931;14746,937865930999
96,59729104466528;-13270,0
93,53167709040933;-13270,0
103,02996210690327;-10240,03789309673
111,2718084838099;-1998,1915161900943
99,74699089914006;-13270,0
104,0013576483223;-9268,642351677703
133,1512056915908;19881,205691590803
118,43682097002626;5166,82097002626
95,10825232361647;-13270,0
140,27024460262098;27000,24460262098
88,43038784323292;-13270,0
120,8718226701714;7601,8226701713975
153,37359018722077;40103,59018722077
106,0476821238077;-7222,317876192296
76,40969015812728;-13270,0
107,21270092529333;-6057,299074706667
95,33611124521596;-13270,0
99,00476823383048;-13270,0
110,29196686944825;-2978,033130551754
126,67733861851211;13407,338618512109
80,52237260541526;-13270,0
114,75638144888588;1486,3814488858752
143,6089908271264;30338,990827126407
110,60006510558289;-2669,9348944171143
95,50366749123336;-13270,0
105,91636803484705;-7353,631965152947
122,0832101138922;8813,210113892208
147,78806207648302;34518,06207648302
85,34247965068549;-13270,0
102,83935295091398;-10430,647049086023
93,76018427298382;-13270,0
134,35379107023263;21083,791070232634
119,2618998174662;5991,899817466201
91,94063531111149;-13270,0
115,39038394037028;2120,383940370284
104,81637524084407;-8453,624759155933
87,28947683355152;-13270,0
112,03810671711474;-1231,8932828852558
127,81112267303784;14541,122673037844
151,60186453584512;38331,864535845125
135,43921370062705;22169,21370062705
107,60486554251551;-5665,134457484488
135,11597724047016;21845,977240470158
121,06886672004156;7798,866720041555
70,68552033842455;-13270,0
121,32307706179685;8053,077061796852
157,41577742540233;44145,777425402324
118,66025112003742;5390,251120037414
90,92790412718624;-13270,0
137,4773972758724;24207,39727587239
78,68721165771977;-13270,0
148,49319925300097;35223,19925300097
104,32625834933786;-8943,741650662138
166,82317247690904;53553,172476909036
138,95137990476744;25681,379904767433
122,03603517508861;8766,035175088615
86,77824442146107;-13270,0
90,09349282474606;-13270,0
88,9084103248728;-13270,0
97,27390503236818;-13270,0
156,14971998658146;42879,71998658146
97,03547213356859;-13270,0
110,97162767083472;-2298,3723291652786
105,41850871594185;-7851,4912840581455
177,17697977248415;63906,97977248415
104,22647551194903;-9043,524488050967
108,50101670244592;-4768,983297554076
141,86412982394648;28594,12982394648
87,0911815434668;-13270,0
128,14585734563892;14875,857345638917
135,4554580774051;22185,4580774051
144,84855914785498;31578,559147854983
139,82689768977218;26556,89768977218
102,5508008028863;-10719,1991971137
90,44071430201626;-13270,0
129,80726645950332;16537,266459503324
117,29770880228352;4027,7088022835233
80,7540371169879;-13270,0
112,15532702702251;-1114,6729729774925
57,04439495845968;-13270,0
94,03158592742655;-13270,0
98,23675559167373;-13270,0
101,3391497310099;-11930,850268990103
78,14880085248352;-13270,0
107,29691078882185;-5973,089211178152
78,04141259436386;-13270,0
183,47080445067172;70200,80445067173
147,67838591841132;34408,385918411324
96,9910037769707;-13270,0
112,63985558470084;-630,1444152991608
77,00576930633297;-13270,0
115,49125740526014;2221,257405260143
114,85304575427364;1583,0457542736367
104,74872037200036;-8521,279627999636
97,02102541580405;-13270,0
102,91181350889174;-10358,18649110826
139,18027253279627;25910,27253279627
104,81308904507547;-8456,910954924528
106,29592454783574;-6974,075452164261
106,04377202888524;-7226,227971114757
93,92390085569971;-13270,0
94,38567431198939;-13270,0
116,86694820747236;3596,94820747236
98,67007284558382;-13270,0
143,56579235374628;30295,792353746278
122,48451217855782;9214,512178557823
123,44364299229207;10173,642992292069
122,80492525883058;9534,925258830579
84,25299594671245;-13270,0
88,42540110992712;-13270,0
116,5024578714042;3232,4578714042036
82,80917700597921;-13270,0
84,35966553581251;-13270,0
93,4761703919176;-13270,0
107,44327509008511;-5826,724909914891
178,7983921554653;65528,392155465306
135,84425823864458;22574,258238644587
165,376926530245;52106,926530244986
73,9284023965669;-13270,0
90,70523925281148;-13270,0
99,42531748722718;-13270,0
88,92441058965015;-13270,0
86,16501238214184;-13270,0
118,27909474487186;5009,094744871854
130,33171374403733;17061,71374403733
126,72938626835656;13459,386268356564
118,71509860573268;5445,098605732677
72,89699950213982;-13270,0
121,84046453788375;8570,464537883749
134,7313846421218;21461,38464212181
114,03822145735343;768,2214573534293
140,1871274451825;26917,12744518251
142,58878174652537;29318,78174652537
80,70246166317052;-13270,0
152,6548551185619;39384,8551185619
90,08829387955383;-13270,0
122,7973203396897;9527,320339689704
124,2017426818568;10931,742681856798
129,21588675983176;15945,886759831763
134,143245784384;20873,245784383995
109,64443222976136;-3625,5677702386365
99,16224184741033;-13270,0
97,31744595633201;-13270,0
109,47233403014167;-3797,6659698583335
104,41585887860188;-8854,14112139812
85,0034821835131;-13270,0
123,33132215728459;10061,32215728459
128,44111810032942;15171,118100329419
86,98570500164125;-13270,0
103,3412187181517;-9928,781281848305
115,56091424117672;2290,914241176719
80,51748143056527;-13270,0
86,56705140905063;-13270,0
103,28507688270685;-9984,923117293154
135,58293003895844;22312,93003895844
76,43012612044333;-13270,0
95,43082370768872;-13270,0
127,80708386259516;14537,083862595166
85,12795398488873;-13270,0
122,37454040464829;9104,540404648287
88,81948050452823;-13270,0
91,58702740753571;-13270,0
117,47477897452549;4204,778974525492
105,91661305249941;-7353,386947500586
114,83414582106009;1564,1458210600904
127,18620632018762;13916,206320187623
81,5362619712384;-13270,0
104,60208873407923;-8667,911265920768
108,6819054487846;-4588,094551215396
129,64694853214993;16376,948532149934
119,28725370969732;6017,253709697325
112,268558031141;-1001,4419688590024
129,45061404169874;16180,614041698744
121,80302536075361;8533,025360753607
110,09969233584901;-3170,307664150987
95,78779212520163;-13270,0
94,77282648099215;-13270,0
88,02507333339386;-13270,0
116,25583323716953;2985,833237169525
108,80199406743398;-4468,005932566019
117,29733752575298;4027,3375257529806
97,19360116348673;-13270,0
152,8204384570627;39550,43845706269
117,04653025179444;3776,5302517944365
135,77267028946122;22502,670289461217
103,13493721931883;-10135,062780681172
130,3740291022408;17104,0291022408
97,29083204633571;-13270,0
121,04709119885922;7777,09119885922
105,38495684620631;-7885,043153793693
120,40396029782492;7133,960297824924
88,01836993181772;-13270,0
136,4757423639769;23205,742363976904
111,28604388059826;-1983,9561194017424
133,99190171782703;20721,901717827037
101,05651044032753;-12213,489559672471
151,44048942269674;38170,489422696744
157,0347321462614;43764,732146261405
98,1475432850021;-13270,0
97,04681687048786;-13270,0
106,50327327974902;-6766,726720250976
117,66016034110898;4390,160341108978
106,90617888607451;-6363,821113925486
106,10780356658658;-7162,196433413417
128,29292395746492;15022,923957464922
96,96576509659441;-13270,0
69,62030126241908;-13270,0
115,47286156556467;2202,86156556467
128,8834036882116;15613,403688211587
91,05193259254844;-13270,0
130,57312146436558;17303,121464365584
117,97416695291612;4704,166952916123
78,00910942563488;-13270,0
97,19145487956563;-13270,0
130,16478151769;16894,78151768999
93,80217516694862;-13270,0
106,22793134021691;-7042,068659783088
73,17108466901131;-13270,0
114,29701615505311;1027,0161550531138
95,5374521753368;-13270,0
109,39779193451425;-3872,2080654857546
88,47441840568158;-13270,0
116,0118160003265;2741,816000326504
119,14217601917456;5872,176019174556
96,17186975209393;-13270,0
91,07357751536891;-13270,0
148,4190624861707;35149,062486170704
101,16567858847037;-12104,321411529629
120,34923584156817;7079,235841568174
87,79112864477486;-13270,0
136,55783083479648;23287,830834796478
111,46817402279356;-1801,8259772064375
113,59428650121895;324,286501218945
111,30149824095771;-1968,5017590422867
124,15987815682755;10889,878156827544
115,15461272182179;1884,6127218217916
83,92537514097138;-13270,0
110,31106863102625;-2958,9313689737555
123,42088304987307;10150,883049873068
115,37913227094595;2109,1322709459455
107,54019810485;-5729,8018951499935
133,8202904487367;20550,290448736698
122,94868591492396;9678,685914923957
94,4400833495178;-13270,0
111,832813761536;-1437,1862384639971
92,75176985188925;-13270,0
167,43295795372183;54162,95795372182
193,90137975410892;80631,37975410892
103,0029987405683;-10267,001259431698
104,97968432105344;-8290,31567894656
96,67979432642429;-13270,0
122,9866713505037;9716,671350503697
126,48085294396414;13210,852943964139
115,39939701814694;2129,3970181469413
111,47122270389826;-1798,7772961017363
117,88377956073151;4613,779560731513
118,84355512283211;5573,555122832113
108,34085694936473;-4929,143050635264
79,08221113307754;-13270,0
98,18015400764894;-13270,0
112,34120004103254;-928,7999589674637
152,9336425182237;39663,64251822371
86,03178741322938;-13270,0
88,54965850263238;-13270,0
145,4292928235654;32159,29282356539
82,29885333377696;-13270,0
93,9442914072354;-13270,0
110,26752108442031;-3002,47891557969
108,59394395299846;-4676,0560470015425
94,4280588096788;-13270,0
121,2112837299905;7941,283729990497
129,86638904355726;16596,38904355726
129,3637082401498;16093,708240149805
86,14503223023367;-13270,0
100,92542221911845;-12344,577780881555
96,9127255414439;-13270,0
111,57125450868801;-1698,7454913119855
61,788318751017115;-13270,0
110,02224405645396;-3247,7559435460425
102,6057866712669;-10664,213328733102
88,85628629223906;-13270,0
85,76084383560534;-13270,0
76,19375612002436;-13270,0
127,83795743397266;14567,95743397266
143,99986082039007;30729,860820390066
125,22946708506511;11959,46708506511
108,06390448197078;-5206,095518029219
113,49012085636198;220,1208563619839
115,66073834170389;2390,738341703891
87,84262823150273;-13270,0
146,05091897926528;32780,918979265276
101,53173860390612;-11738,26139609388
104,14316383918387;-9126,836160816129
98,82816092864293;-13270,0
101,18395312784638;-12086,04687215362
112,14588636652421;-1124,1136334757903
66,23440268618587;-13270,0
93,6691563022344;-13270,0
88,77320986588067;-13270,0
84,60334530331197;-13270,0
99,66196689536488;-13270,0
112,12548371730904;-1144,5162826909618
105,26391406432263;-8006,085935677366
120,30046773433835;7030,4677343383555
114,72336045956118;1453,3604595611778
88,71721814171656;-13270,0
109,6988268068357;-3571,1731931643026
102,82032733766442;-10449,672662335577
99,26535068591178;-13270,0
135,10367619164802;21833,676191648017
106,5310812681224;-6738,918731877594
84,48614539066719;-13270,0
141,95468213600574;28684,682136005744
130,87380799754257;17603,80799754257
112,79741153668235;-472,5884633176538
84,97510461001947;-13270,0
87,38408493613981;-13270,0
97,4911087709892;-13270,0
84,51069430718407;-13270,0
128,37514962850747;15105,149628507472
81,1252432961808;-13270,0
97,93861494579336;-13270,0
112,52393880146188;-746,0611985381183
123,98198109679942;10711,981096799416
109,3998864846099;-3870,113515390107
109,1704871997508;-4099,512800249206
108,9607850269336;-4309,214973066393
119,46149078996216;6191,490789962154
180,27325887065334;67003,25887065334
123,37742264163451;10107,422641634512
100,54618684634617;-12723,813153653826
73,44247084692407;-13270,0
106,7766817423321;-6493,318257667898
86,885399636163;-13270,0
122,59209631473709;9322,096314737093
94,9499978833103;-13270,0
117,73077566483022;4460,77566483022
147,58033832322621;34310,33832322621
108,07585271523223;-5194,14728476777
131,95453066617964;18684,530666179635
183,6203163880879;70350,3163880879
117,46865120415282;4198,6512041528185
140,02114405774648;26751,144057746482
127,67242282481999;14402,42282481999
94,83247170919647;-13270,0
132,61441140757117;19344,41140757117
129,8330529057337;16563,052905733693
143,689863427602;30419,86342760201
118,06754397223393;4797,543972233936
101,3020680590493;-11967,931940950695
82,57330220418882;-13270,0
110,2606139517853;-3009,3860482146974
99,65146946384445;-13270,0
96,79120229320802;-13270,0
86,89502828799088;-13270,0
92,07473340399814;-13270,0
119,88384497557014;6613,84497557014
111,74275603756567;-1527,2439624343297
117,79554747698637;4525,547476986372
92,94100717489349;-13270,0
123,06863476981218;9798,634769812179
121,88130018535726;8611,30018535726
93,8496309338491;-13270,0
101,2646304865408;-12005,369513459205
111,46442287397085;-1805,577126029153
123,79239936272724;10522,39936272724
81,00173889682226;-13270,0
93,19922450855181;-13270,0
155,14059153621363;41870,59153621364
93,81098534709068;-13270,0
117,51292106291598;4242,921062915979
105,46216186779083;-7807,838132209174
145,80143477162756;32531,43477162755
106,16269741261668;-7107,30258738332
165,43856256212004;52168,56256212004
122,10694314575585;8836,94314575585
135,46455761010873;22194,557610108728
116,71198136238749;3441,9813623874907
107,98859568524375;-5281,404314756248
147,61363598785314;34343,635987853144
105,04678634579787;-8223,21365420213
93,08789941507565;-13270,0
136,65745237694878;23387,452376948786
79,85105357330153;-13270,0
134,4999425085683;21229,942508568296
117,2491444401292;3979,144440129199
105,5042301129488;-7765,769887051196
82,5791553452928;-13270,0
148,92586726455076;35655,86726455076
139,23827709507677;25968,277095076766
116,82655028328443;3556,550283284432
71,1949613519643;-13270,0
107,09215902483955;-6177,840975160454
123,91710322982206;10647,10322982206
130,6855413654804;17415,54136548039
109,17769268419339;-4092,307315806611
139,06941933658143;25799,419336581435
108,80320456545446;-4466,795434545535
98,30563081014596;-13270,0
114,48164350593437;1211,6435059343712
153,2677400802966;39997,74008029659
79,88201673066773;-13270,0
108,57201370840934;-4697,986291590656
100,35583860730155;-12914,16139269845
108,08805265503914;-5181,947344960865
103,40831868876083;-9861,681311239172
88,61750850984953;-13270,0
118,53178765669495;5261,787656694945
100,87022176960218;-12399,778230397818
120,9341716783373;7664,171678337294
167,43894629009537;54168,946290095366
65,8047362555126;-13270,0
116,0241954639595;2754,1954639595006
92,97214269268265;-13270,0
155,75430155474547;42484,30155474547
100,10984302451338;-13160,15697548662
104,57949130748374;-8690,508692516265
119,79297180338406;6522,971803384062
95,16003720772262;-13270,0
116,4527956993798;3182,795699379807
113,94789679209856;677,8967920985615
128,79582432279403;15525,824322794033
132,70641416780165;19436,414167801653
106,18492310503305;-7085,07689496695
184,5037045953565;71233,70459535651
108,67509402771856;-4594,905972281442
112,3099787376621;-960,0212623378939
126,13738258486616;12867,382584866158
129,74777282772354;16477,772827723536
141,73744895857857;28467,44895857857
103,05270938887516;-10217,290611124841
97,76058222017187;-13270,0
121,41790675580759;8147,906755807591
107,07288918371702;-6197,110816282976
105,67245474884979;-7597,545251150213
72,8228530549816;-13270,0
98,42431250934361;-13270,0
126,7045464363955;13434,546436395503
128,18893932110515;14918,939321105154
108,02308880367193;-5246,911196328075
124,90940175607813;11639,401756078125
87,49159287095544;-13270,0
112,53078401758616;-739,2159824138434
128,82522127354724;15555,221273547242
110,74665754412982;-2523,3424558701827
127,09598855539501;13825,988555395012
84,2691746317094;-13270,0
85,006042241999;-13270,0
113,06821577350836;-201,7842264916435
123,07972932166993;9809,729321669929
97,48601497090539;-13270,0
94,3967195217536;-13270,0
97,5551441222746;-13270,0
124,1625602509527;10892,560250952694
130,51439471643934;17244,39471643934
112,12323875671257;-1146,761243287434
163,58801132119183;50318,01132119183
133,01685890058445;19746,858900584455
137,39937733199545;24129,377331995456
97,44115369952561;-13270,0
145,7393809521728;32469,38095217281
93,90670970883022;-13270,0
130,8262476928615;17556,2476928615
104,91607004708388;-8353,929952916122
189,9653211638818;76695,32116388182
84,5565097355875;-13270,0
139,60732598938506;26337,325989385063
136,79369435434964;23523,694354349638
64,07665320350306;-13270,0
109,43527465686682;-3834,7253431331756
105,928647740128;-7341,352259872
137,8430225339008;24573,02253390081
110,14839570221524;-3121,604297784761
117,33507006159942;4065,0700615994247
127,488666384279;14218,666384279
99,87507943491907;-13270,0
112,6387473881287;-631,252611871294
118,35731672286931;5087,316722869313
74,3296983909482;-13270,0
107,73773415877312;-5532,2658412268775
118,38023233120441;5110,23233120441
107,76871294676438;-5501,287053235618
122,34358685080878;9073,586850808777
99,63889698002606;-13270,0
93,41505460079952;-13270,0
125,01832989106545;11748,329891065448
145,28868791709579;32018,687917095784
107,27469037585213;-5995,309624147869
90,43768840741134;-13270,0
129,70089438878793;16430,89438878793
117,83027379576762;4560,273795767625
167,66339807206322;54393,39807206321
103,88127166891181;-9388,728331088192
109,79924574124777;-3470,7542587522257
117,84975912886453;4579,759128864534
111,77176374288995;-1498,2362571100548
144,53604077255068;31266,04077255068
108,1928599461498;-5077,140053850204
110,37532801381079;-2894,6719861892125
106,30276159099274;-6967,2384090072555
94,30282003996471;-13270,0
75,62555353085413;-13270,0
85,97264483009843;-13270,0
107,46613251363321;-5803,8674863667875
83,20723404517608;-13270,0
82,53409772408283;-13270,0
138,18856200128445;24918,562001284452
98,3318435387965;-13270,0
75,59679294396902;-13270,0
140,2223079319555;26952,307931955496
123,43990082855088;10169,900828550875
108,8734488686512;-4396,551131348804
99,1014341568409;-13270,0
89,2004244658918;-13270,0
111,93466342136887;-1335,3365786311333
103,4920665988444;-9777,933401155597
134,07177860306672;20801,77860306672
125,39936034434879;12129,360344348792
160,41580192286017;47145,80192286017
109,8125561786246;-3457,4438213753965
96,34758193339002;-13270,0
122,19973768788239;8929,737687882389
105,8577257018782;-7412,274298121805
100,36383609342946;-12906,163906570544
110,662800472443;-2607,1995275570043
86,85482429039098;-13270,0
91,3314947156307;-13270,0
131,78028340642192;18510,283406421917
132,76767394647356;19497,673946473566
115,12278731139429;1852,7873113942915
112,69505141486582;-574,9485851341851
102,77103871194365;-10498,961288056355
125,13183549394087;11861,835493940871
89,97447531614247;-13270,0
128,13950496534926;14869,50496534926
96,97120095885924;-13270,0
83,82112871522192;-13270,0
115,62493471712219;2354,934717122187
120,42410647537591;7154,106475375909
121,17027931912195;7900,279319121946
82,64608309221578;-13270,0
81,82457634516527;-13270,0
113,88913095861963;619,1309586196312
105,3796447643563;-7890,3552356437
103,83026931710837;-9439,730682891626
126,13091591871842;12860,915918718416
80,22624032761142;-13270,0
101,97656896996938;-11293,431030030622
107,1592657082969;-6110,7342917031
126,6280906952154;13358,090695215404
82,85408884475406;-13270,0
118,14133247602625;4871,332476026251
94,11188435478593;-13270,0
111,54258037207263;-1727,4196279273656
129,0384831201848;15768,483120184792
122,91553646615063;9645,536466150628
107,99151888683167;-5278,481113168329
111,01987921456269;-2250,120785437308
112,02842215846343;-1241,5778415365712
150,44829877754714;37178,298777547134
134,47523777690915;21205,237776909154
115,05526990626116;1785,2699062611591
75,839173703792;-13270,0
112,12372812559876;-1146,27187440124
112,7450617431026;-524,9382568974033
102,34398805332052;-10926,011946679484
111,18704958283278;-2082,950417167216
112,10006892110577;-1169,9310788942275
90,91770356945975;-13270,0
101,9510077532174;-11318,992246782604
132,8052720462044;19535,27204620441
98,78917251974424;-13270,0
122,10641663804623;8836,416638046227
125,25150112838467;11981,501128384676
92,66170618277701;-13270,0
85,31727674685251;-13270,0
114,74515450411182;1475,1545041118243
76,66201971303911;-13270,0
95,19550193928744;-13270,0
109,57740042428941;-3692,599575710592
103,66911002578856;-9600,889974211444
153,63675236541383;40366,75236541383
90,20202379318164;-13270,0
94,5151786838304;-13270,0
101,51758117637752;-11752,418823622482
67,75348878265915;-13270,0
108,88509559824091;-4384,904401759091
112,19984273889014;-1070,15726110986
94,27239009548342;-13270,0
119,0112718647256;5741,271864725601
98,9407464761989;-13270,0
95,37046133744742;-13270,0
82,97480656368779;-13270,0
104,64864081517449;-8621,359184825513
105,00839970871831;-8261,600291281684
88,71642909917476;-13270,0
115,9481010936704;2678,1010936704024
110,07804646800687;-3191,9535319931256
94,01922745698718;-13270,0
86,09580333585754;-13270,0
76,38903488346163;-13270,0
134,07514461580155;20805,144615801546
87,21548811602118;-13270,0
111,36166897947564;-1908,3310205243615
143,3702929542286;30100,2929542286
110,51294040881245;-2757,059591187546
93,20674985787245;-13270,0
114,25040113451566;980,4011345156559
118,55849365049198;5288,493650491982
91,9347035975571;-13270,0
103,35890821543722;-9911,091784562776
94,19677806724626;-13270,0
95,72583131142932;-13270,0
97,16354726397347;-13270,0
71,39527170417071;-13270,0
109,3362655341229;-3933,734465877098
91,22781711474376;-13270,0
91,56866042505169;-13270,0
95,31584174230856;-13270,0
98,54523107038364;-13270,0
101,72008582568341;-11549,914174316587
109,03330630777897;-4236,693692221028
92,55038735130815;-13270,0
129,0590273396545;15789,027339654505
79,16944995669613;-13270,0
133,83577072422167;20565,77072422167
110,44937784351995;-2820,6221564800453
118,35616419532124;5086,164195321242
131,15675473286657;17886,754732866575
134,8367871916866;21566,7871916866
128,88449255818034;15614,49255818034
109,48390502005813;-3786,0949799418686
94,9711395964212;-13270,0
102,723794284199;-10546,205715800997
95,22632439974083;-13270,0
112,62486588547756;-645,1341145224396
96,41971882543817;-13270,0
88,09850770274701;-13270,0
98,27357318632095;-13270,0
68,36691079799641;-13270,0
118,17300170893922;4903,001708939224
115,18749191264999;1917,491912649988
73,0442767419597;-13270,0
101,6567462830598;-11613,253716940197
86,98202070086852;-13270,0
138,29265158497032;25022,651584970314
106,1977416521015;-7072,258347898502
77,5612571577402;-13270,0
109,60309940930838;-3666,9005906916154
127,33842615296412;14068,426152964119
122,87701432751747;9607,01432751747
117,4187533472508;4148,7533472508
83,05040033771283;-13270,0
126,23432487601318;12964,324876013176
113,75925059268974;489,2505926897393
84,62661495855427;-13270,0
100,57454591738362;-12695,454082616383
88,65466712467833;-13270,0
119,9987213185702;6728,721318570206
121,79329426018195;8523,294260181952
131,109895939438;17839,89593943799
140,56504297520763;27295,04297520763
81,2524776790452;-13270,0
92,34279675735402;-13270,0
125,28608507451248;12016,085074512484
142,75851450391067;29488,514503910672
141,42324430190655;28153,244301906547
117,08835306876206;3818,3530687620623
104,6560649599966;-8613,935040003402
79,39137532046122;-13270,0
123,18601223977113;9916,012239771131
122,16727177207028;8897,271772070279
133,42065392521104;20150,653925211045
128,30482904694534;15034,829046945342
83,67667389020514;-13270,0
138,19392643193393;24923,926431933935
121,08936900883603;7819,369008836031
92,77234104812672;-13270,0
126,39245750794746;13122,457507947456
179,7592775168078;66489,2775168078
110,2851672694452;-2984,8327305548046
106,884735732085;-6385,264267914995
126,82607474214784;13556,074742147837
104,47854187745918;-8791,458122540822
133,179779733854;19909,77973385399
112,46293438341442;-807,0656165855798
118,44630995584366;5176,309955843659
67,92925976563888;-13270,0
110,94180812683805;-2328,1918731619444
87,13062386854547;-13270,0
129,11731960724364;15847,319607243644
99,6462922307312;-13270,0
105,7480104540524;-7521,989545947595
86,03254704529371;-13270,0
139,50233775133566;26232,33775133566
111,49279788897644;-1777,20211102356
104,60287513308613;-8667,12486691387
65,21115503681936;-13270,0
115,77643881198631;2506,4388119863106
92,83015133352566;-13270,0
161,9369070363883;48666,90703638831
108,00627698125409;-5263,723018745911
96,75545291751118;-13270,0
99,29981317935437;-13270,0
105,09305013197725;-8176,94986802275
107,33635619062825;-5933,643809371749
111,86928355412404;-1400,7164458759617
85,44459278881968;-13270,0
64,37622163445236;-13270,0
93,89599856646062;-13270,0
117,59305413141779;4323,054131417786
119,82419195942889;6554,191959428888
128,47378727616154;15203,787276161544
122,8315641931687;9561,564193168702
134,46025889381977;21190,258893819773
93,16447091388069;-13270,0
97,95687132308973;-13270,0
96,20369013632788;-13270,0
88,11897814723054;-13270,0
151,55443534827324;38284,43534827325
165,60784766601;52337,84766601
133,04185205605145;19771,85205605145
117,63599789523415;4365,997895234155
119,81344554605948;6543,445546059484
101,19531074195854;-12074,689258041464
103,54840244702919;-9721,59755297081
97,78302075126145;-13270,0
118,05638273570753;4786,382735707528
98,90011140437575;-13270,0
79,94415553805473;-13270,0
89,75263293301161;-13270,0
131,57890416496755;18308,904164967553
117,87174430946837;4601,7443094683695
131,09390988026558;17823,909880265586
76,4771816797172;-13270,0
131,33108570267896;18061,085702678964
83,21197988215195;-13270,0
150,0988771482479;36828,877148247906
72,01362076197752;-13270,0
110,62957241212779;-2640,4275878722146
140,16535158860935;26895,351588609352
132,36526645255842;19095,266452558415
124,38459812795497;11114,598127954974
77,38783132146712;-13270,0
133,4024433177985;20132,443317798483
92,54955920924837;-13270,0
78,96493253709892;-13270,0
107,69050729488423;-5579,492705115773
79,29295396880339;-13270,0
116,43827934588822;3168,279345888219
82,1266776946746;-13270,0
77,92644345022254;-13270,0
81,82807036041446;-13270,0
116,73255514781393;3462,5551478139278
102,78925892921487;-10480,741070785134
150,59577651931696;37325,776519316954
108,84303857233746;-4426,961427662538
161,0789558981698;47808,95589816979
138,24326635693086;24973,266356930857
124,06156978917038;10791,569789170378
81,54991352818222;-13270,0
91,7511269164055;-13270,0
107,12590982109332;-6144,090178906684
109,24248255841886;-4027,5174415811434
125,58038502876687;12310,385028766868
93,5773354251639;-13270,0
78,58605194863479;-13270,0
87,86654046131888;-13270,0
105,24365536276525;-8026,344637234747
114,46773081095267;1197,730810952673
89,9211862398188;-13270,0
142,91769177257427;29647,691772574275
98,74056242772677;-13270,0
130,32024961820292;17050,24961820292
90,80834478258019;-13270,0
127,05417098109557;13784,170981095565
98,51467758479538;-13270,0
73,20144554141827;-13270,0
136,65229045685632;23382,290456856317
93,49285117702763;-13270,0
88,59919102771667;-13270,0
85,35023868126162;-13270,0
98,33626622191531;-13270,0
105,37820797238793;-7891,792027612074
104,2270182965759;-9042,981703424095
117,2728454608481;4002,8454608481043
145,2136301108793;31943,630110879305
90,06422540765556;-13270,0
94,91686133819334;-13270,0
123,18228792330501;9912,287923305012
115,38242144322257;2112,421443222569
75,44894096400408;-13270,0
108,12785338997419;-5142,1466100258085
118,82295825743192;5552,958257431921
133,26660396905748;19996,603969057483
133,57056106903426;20300,56106903426
92,04902327590426;-13270,0
110,47141341053009;-2798,586589469909
114,05970482226707;789,7048222670655
106,5077505073384;-6762,2494926616
112,28322200747844;-986,7779925215564
94,50030047909846;-13270,0
110,15414331029989;-3115,856689700113
87,71000783408498;-13270,0
153,7143646969178;40444,364696917815
77,59539096147051;-13270,0
107,15660537413399;-6113,394625866012
99,61468044082145;-13270,0
126,26521545098149;12995,215450981486
93,64110649002441;-13270,0
86,22275404686096;-13270,0
130,45661899416302;17186,618994163022
151,32147030828966;38051,47030828966
119,52375080168123;6253,750801681232
113,27589960740248;5,899607402479887
113,54080221056961;270,8022105696091
126,89646987456544;13626,469874565439
78,96550542710791;-13270,0
121,26025218633718;7990,252186337184
103,17760549850273;-10092,39450149727
87,61940731917946;-13270,0
142,89786531018962;29627,865310189613
67,22702072054916;-13270,0
130,00431522260607;16734,315222606067
105,13921276189666;-8130,787238103341
116,87445493232266;3604,454932322664
101,58552325805172;-11684,476741948278
104,31321434399767;-8956,785656002328
125,04152743105634;11771,527431056336
95,59902236184756;-13270,0
138,029736956723;24759,736956723013
79,63961225058563;-13270,0
75,06975505315975;-13270,0
102,09112310917689;-11178,876890823109
124,06994973041934;10799,94973041934
103,99881724699426;-9271,182753005736
131,51994354138995;18249,94354138995
103,16081198344658;-10109,188016553422
133,5871794437453;20317,1794437453
87,06985092305905;-13270,0
169,01440275416513;55744,40275416513
114,12944233978331;859,4423397833107
88,54847957640813;-13270,0
113,37071079726171;100,71079726170865
107,50616370700705;-5763,836292992953
112,05014544862806;-1219,8545513719419
106,45863714937447;-6811,362850625532
127,56995069437885;14299,950694378847
142,95769553056988;29687,69553056988
77,68350477943056;-13270,0
135,8955326643586;22625,5326643586
90,04646735442516;-13270,0
77,91734777210334;-13270,0
153,50039425322623;40230,39425322623
184,85860547785018;71588,60547785017
93,17222438362103;-13270,0
124,22145782790346;10951,457827903465
92,51297992110085;-13270,0
151,86426505267508;38594,26505267508
131,5295670228411;18259,567022841093
106,8789108832239;-6391,089116776105
146,10170800954373;32831,70800954373
107,43220827996014;-5837,791720039864
107,85315688873041;-5416,84311126959
77,11939214743494;-13270,0
132,49568093727467;19225,680937274672
124,09100144705371;10821,001447053713
103,25636370295462;-10013,636297045385
90,66135056280734;-13270,0
129,5366393324982;16266,639332498198
106,60740109457943;-6662,59890542057
86,06447119558885;-13270,0
103,80679402137022;-9463,205978629776
90,16859016839257;-13270,0
93,97994364612549;-13270,0
128,1388725105368;14868,8725105368
90,29520962930026;-13270,0
80,00318938972299;-13270,0
70,61549618649754;-13270,0
111,13665969624134;-2133,3403037586613
96,56767547803055;-13270,0
107,67795416962953;-5592,04583037047
72,65116580862096;-13270,0
135,09696961623894;21826,969616238937
104,7504169992317;-8519,583000768296
91,13700645523949;-13270,0
108,27048397168582;-4999,5160283141795
83,01088071971763;-13270,0
77,50865714585963;-13270,0
113,97989378182977;709,8937818297727
108,68387197590268;-4586,128024097325
105,64355898516618;-7626,441014833819
84,33646369964042;-13270,0
87,02032827453904;-13270,0
112,60897488457127;-661,0251154287325
67,67640080171394;-13270,0
134,4397726716159;21169,772671615916
101,77469913274828;-11495,300867251719
83,83924865798049;-13270,0
110,28213399247598;-2987,8660075240223
123,83505377900603;10565,05377900603
88,77547375173276;-13270,0
72,72447037400771;-13270,0
86,39203081195434;-13270,0
87,86166528964785;-13270,0
123,97171634009985;10701,716340099847
117,70846297002309;4438,462970023091
77,27024357387151;-13270,0
104,639172311772;-8630,827688228
96,08941830298733;-13270,0
102,8174444331221;-10452,555566877894
104,68755300790585;-8582,446992094152
112,76439518397385;-505,60481602615437
93,48418851460511;-13270,0
110,65161089863109;-2618,389101368908
151,2581810356997;37988,181035699694
114,53354317202515;1263,5431720251472
139,99729778187785;26727,297781877845
83,55315393749214;-13270,0
113,13465286578254;-135,347134217458
125,20350193296015;11933,501932960153
104,89522143280652;-8374,778567193478
100,75169072785056;-12518,309272149441
73,60399569433321;-13270,0
76,08301491700497;-13270,0
135,59790057355923;22327,90057355923
83,27381265581157;-13270,0
98,94953575522484;-13270,0
99,3554650951999;-13270,0
119,16615894591712;5896,158945917119
155,96856326658667;42698,56326658667
115,57310542462322;2303,1054246232216
94,34523904795493;-13270,0
142,01746255170593;28747,462551705932
142,7417691458602;29471,76914586019
124,74566065650887;11475,660656508873
138,7477082396712;25477,7082396712
89,07299076736544;-13270,0
104,6165348908427;-8653,4651091573
107,33785578410561;-5932,144215894386
80,33110878310428;-13270,0
127,40019468830562;14130,194688305619
121,09294788439193;7822,947884391931
81,75771413806426;-13270,0
116,22923891346086;2959,238913460862
100,74721523236299;-12522,78476763701
90,29717100789414;-13270,0
130,03954235961598;16769,542359615978
135,1085435280266;21838,54352802659
87,26498594839809;-13270,0
123,02563227160692;9755,632271606923
71,16096717359433;-13270,0
140,41934034782713;27149,34034782713
117,77473524976973;4504,735249769732
86,47676820325285;-13270,0
73,31994352634096;-13270,0
107,98450730693656;-5285,492693063436
105,16942394881556;-8100,576051184436
64,29509506571439;-13270,0
133,81521218260593;20545,21218260593
125,89366770270156;12623,667702701565
136,68889815598547;23418,898155985473
133,98336367190254;20713,363671902538
132,31398874958748;19043,98874958748
139,47308157963155;26203,08157963155
93,07506016764265;-13270,0
111,71777567756398;-1552,2243224360227
71,55680939999444;-13270,0
93,04989722433416;-13270,0
79,7665146247665;-13270,0
136,03933870179895;22769,33870179895
131,9083664855961;18638,366485596103
99,95821349393646;-13270,0
92,91413900336303;-13270,0
128,2812763484698;15011,27634846979
106,03409098877547;-7235,909011224525
143,3076348138256;30037,634813825585
88,63946456918039;-13270,0
154,18162917979961;40911,62917979962
132,03617570098035;18766,17570098035
113,0734805123137;-196,5194876863061
89,56426141246975;-13270,0
151,7762884822814;38506,28848228139
105,7931696818625;-7476,830318137506
84,69292235186275;-13270,0
101,82871301318616;-11441,28698681384
132,05940114836898;18789,401148368976
187,68844085466773;74418,44085466773
113,03353534891795;-236,4646510820494
108,26080922116486;-5009,190778835138
96,8469195365206;-13270,0
110,99178569712895;-2278,2143028710525
88,65574651534051;-13270,0
111,62981028600574;-1640,1897139942648
71,8706359469359;-13270,0
106,58302177789338;-6686,978222106622
124,28884290144227;11018,842901442265
71,83074049957774;-13270,0
100,17654266363382;-13093,457336366175
121,62781551071049;8357,81551071049
92,96359109150652;-13270,0
138,01072234097694;24740,722340976943
119,71449555472238;6444,495554722376
87,3006524464805;-13270,0
113,77013007575898;500,1300757589852
92,15273497375244;-13270,0
90,66412271908337;-13270,0
84,76902805195195;-13270,0
100,92960772193584;-12340,392278064162
127,45537517385436;14185,375173854365
117,15819874584388;3888,1987458438743
116,25178011971018;2981,780119710176
98,66633241435294;-13270,0
111,0235285643238;-2246,4714356762033
100,87938872629019;-12390,611273709812
95,44564061811057;-13270,0
80,59000672719635;-13270,0
116,85623783914608;3586,237839146077
89,24887517970704;-13270,0
81,82639117703889;-13270,0
99,29062272132107;-13270,0
75,15438976524396;-13270,0
101,17012831880501;-12099,871681194987
135,82861611425082;22558,61611425082
96,20411391643805;-13270,0
94,0400332221872;-13270,0
135,6186686811491;22348,6686811491
97,46757621267892;-13270,0
125,12452808104588;11854,528081045883
114,89317529042553;1623,1752904255318
74,76672914103261;-13270,0
111,83000151237059;-1439,9984876294147
162,83008804973915;49560,08804973915
121,76494493815177;8494,94493815177
76,73166503398176;-13270,0
100,53130971288486;-12738,690287115138
126,69419427931257;13424,19427931257
102,47387591234047;-10796,124087659526
96,63542062869979;-13270,0
98,28238612873533;-13270,0
134,76310425203786;21493,10425203786
83,36506445139884;-13270,0
111,93110373957653;-1338,8962604234712
93,02193353921666;-13270,0
116,77511399830239;3505,113998302386
88,91179390968234;-13270,0
116,8492349237894;3579,2349237893977
128,0419957644202;14771,995764420193
124,08841373122328;10818,413731223285
175,72818333766594;62458,183337665934
125,7222323173826;12452,232317382604
119,14395515871705;5873,95515871705
91,94758773323329;-13270,0
101,71408930249028;-11555,91069750972
97,91829614886235;-13270,0
183,26921389940475;69999,21389940474
97,07905412832646;-13270,0
132,91878983429064;19648,789834290634
96,45119062756238;-13270,0
122,97211084711508;9702,110847115076
110,52296648911208;-2747,033510887921
100,54583297018205;-12724,167029817952
185,03683924309783;71766,83924309783
112,89668732981295;-373,3126701870515
105,0734247645598;-8196,575235440196
195,55992936056182;82289,92936056183
101,6456080348316;-11624,391965168405
82,9066323811087;-13270,0
96,32852659141358;-13270,0
94,90763610244379;-13270,0
91,73121695975239;-13270,0
91,60045113740753;-13270,0
87,56644383186323;-13270,0
122,01994180451085;8749,94180451085
86,02985592075915;-13270,0
107,46682859559422;-5803,171404405777
119,2205928150545;5950,5928150545005
119,62912747811562;6359,127478115621
102,54928769229639;-10720,712307703612
107,81069134700655;-5459,308652993446
119,35968561311026;6089,685613110258
109,10365420007567;-4166,345799924333
104,84430261730427;-8425,697382695735
134,36526123355122;21095,261233551224
136,16340464777878;22893,404647778778
129,25471229417033;15984,712294170331
119,39733227272946;6127,332272729458
104,4585951619082;-8811,404838091792
118,90813868583427;5638,138685834274
90,99308641431607;-13270,0
144,78208210340787;31512,082103407876
124,50969346870473;11239,693468704725
102,3502999059015;-10919,700094098505
115,31678594803098;2046,7859480309835
135,93084672531276;22660,84672531276
127,00044025937534;13730,440259375337
107,63622076462744;-5633,779235372562
91,032453128948;-13270,0
102,35978238618297;-10910,217613817029
95,36245773909174;-13270,0
70,95257932274325;-13270,0
106,1456141612185;-7124,385838781496
109,57561524266855;-3694,3847573314524
123,29486988277279;10024,869882772786
125,68943495428518;12419,434954285174
98,91369616305381;-13270,0
151,22543154485285;37955,43154485285
83,68929089426965;-13270,0
98,22769071805803;-13270,0
86,16373795312738;-13270,0
149,07363656691174;35803,636566911744
111,41209543018253;-1857,9045698174687
98,00176875226961;-13270,0
103,91629697810767;-9353,703021892334
63,8609297024775;-13270,0
131,69466622332214;18424,666223322143
100,18175834161778;-13088,24165838222
122,26988686349097;8999,886863490967
117,04794332920795;3777,943329207952
95,11191366685202;-13270,0
164,5456237711985;51275,62377119851
141,40436137501965;28134,361375019645
106,7316764542926;-6538,323545707403
87,73722630061432;-13270,0
114,84116254865604;1571,1625486560442
143,12900020749981;29859,000207499812
104,15141023940618;-9118,589760593824
131,54800534825824;18278,005348258244
119,06084114677087;5790,841146770868
98,63829983264543;-13270,0
98,26758749284616;-13270,0
125,40556232670201;12135,562326702013
118,67488095881743;5404,880958817426
122,5307110157161;9260,711015716093
122,50912820726604;9239,128207266043
90,25492019382786;-13270,0
95,53204880704666;-13270,0
121,28569688892445;8015,696888924449
180,1518535495747;66881,85354957469
88,37991119414305;-13270,0
92,42037143655162;-13270,0
183,6402556418713;70370,2556418713
80,55198478411677;-13270,0
133,28431873042757;20014,31873042757
112,53052702222794;-739,4729777720568
113,5412439939665;271,2439939665037
128,5566082081346;15286,608208134607
99,94085935901968;-13270,0
121,95836828322409;8688,368283224088
128,61021530558295;15340,215305582955
81,53508420551374;-13270,0
109,44979511036755;-3820,204889632454
95,32654469707047;-13270,0
140,9076262351226;27637,62623512259
95,23188374774168;-13270,0
134,1062490987062;20836,249098706197
107,49873527342156;-5771,264726578441
147,01373417857363;33743,73417857363
118,18196952099966;4911,969520999657
92,69649787846625;-13270,0
104,45196911791666;-8818,030882083338
110,26425846220714;-3005,741537792861
69,96564656411005;-13270,0
105,09089855137846;-8179,101448621542
144,90171197478745;31631,711974787446
115,72419735926944;2454,1973592694394
92,14270682167404;-13270,0
128,90532703665744;15635,32703665744
77,99835612114391;-13270,0
124,44995299438612;11179,952994386123
79,72732056628426;-13270,0
102,5158513305364;-10754,148669463593
133,61437906412496;20344,379064124958
110,39741712896853;-2872,5828710314727
80,88498987403032;-13270,0
123,76949384337404;10499,493843374035
129,6725510670079;16402,551067007902
134,97397117741232;21703,97117741232
111,90824915056312;-1361,7508494368776
92,01456825742082;-13270,0
124,60161941192666;11331,619411926662
103,23759918553081;-10032,400814469189
105,49196346188174;-7778,036538118262
88,03410056255683;-13270,0
67,50882344700273;-13270,0
76,96684137481368;-13270,0
78,61628875881877;-13270,0
81,75839239717294;-13270,0
110,3836603471221;-2886,3396528778976
94,0555833576705;-13270,0
140,45446909738962;27184,46909738962
98,75056194915754;-13270,0
89,2910433742911;-13270,0
136,14383511890773;22873,83511890773
102,43033869296225;-10839,661307037748
102,15584545196326;-11114,15454803674
144,18616777196235;30916,167771962348
75,25892874489254;-13270,0
126,86267840926494;13592,678409264943
114,97595375295415;1705,953752954154
153,1611136382606;39891,11363826059
72,14787123349834;-13270,0
97,7220791533771;-13270,0
65,17738954461507;-13270,0
90,51349812617784;-13270,0
115,94442247756811;2674,4224775681105
122,06337208589623;8793,372085896233
103,67858352994776;-9591,416470052241
139,1292422581476;25859,2422581476
85,18896877493728;-13270,0
70,99737097829129;-13270,0
78,58080797728803;-13270,0
123,52578456489034;10255,784564890346
114,78234773903817;1512,3477390381722
107,07548642447675;-6194,5135755232495
148,7752709332457;35505,27093324571
97,30564844124383;-13270,0
105,69905055199045;-7570,949448009547
79,8298743483273;-13270,0
118,65822173928753;5388,221739287528
129,74340295777068;16473,402957770682
119,81609000551094;6546,090005510945
105,66683978959827;-7603,160210401729
96,18541281662422;-13270,0
97,63632935811262;-13270,0
83,49276080653874;-13270,0
94,09333988824355;-13270,0
81,24309321443484;-13270,0
151,55687934550207;38286,87934550207
74,33309190494067;-13270,0
122,01542230458853;8745,422304588526
113,60999441222539;339,994412225391
105,75890190422486;-7511,0980957751435
111,9088417492628;-1361,158250737195
92,68935311515672;-13270,0
153,77658251966548;40506,582519665484
83,98076240166434;-13270,0
114,08859546078038;818,5954607803833
123,63689576456798;10366,89576456798
97,30197415043939;-13270,0
96,16481707900356;-13270,0
92,59703177459907;-13270,0
88,04113199009575;-13270,0
117,11216624604081;3842,166246040815
116,73653053133972;3466,5305313397257
132,08728435116925;18817,284351169244
100,16765870697981;-13102,341293020192
108,2870519426334;-4982,948057366602
120,3516576813948;7081,657681394798
63,02960927253666;-13270,0
83,12322285118488;-13270,0
145,95001797790525;32680,01797790525
94,55031033509526;-13270,0
119,65064822762974;6380,6482276297465
103,89631505853734;-9373,68494146266
105,95553251507175;-7314,467484928247
94,57342738374169;-13270,0
135,78361646874197;22513,616468741966
85,68836451479282;-13270,0
137,10286106887187;23832,861068871876
125,41220699425544;12142,20699425544
163,9485611672709;50678,5611672709
123,94835966468143;10678,359664681433
99,94030027984824;-13270,0
113,55615084596835;286,1508459683464
131,72871573714977;18458,71573714977
118,81155927376913;5541,559273769133
120,92693701930888;7656,93701930888
100,36717816911718;-12902,821830882818
101,66798949671418;-11602,010503285816
109,76150376842557;-3508,4962315744306
91,07146791006036;-13270,0
119,87305838970951;6603,058389709513
97,66975849310514;-13270,0
67,37049013056307;-13270,0
116,83307760939947;3563,077609399468
112,30417049549723;-965,829504502768
67,56135940529431;-13270,0
80,72055216094877;-13270,0
83,7884504325009;-13270,0
106,03042465901176;-7239,575340988243
119,07462629455668;5804,626294556681
82,64870308574918;-13270,0
99,35348441603452;-13270,0
99,53392169233847;-13270,0
61,50590994142423;-13270,0
145,36956567172354;32099,565671723532
92,4670193430528;-13270,0
99,05660654106356;-13270,0
139,67073262050133;26400,732620501323
118,82766468594914;5557,664685949145
103,4807696464505;-9789,230353549503
99,2880315334867;-13270,0
91,56738442814564;-13270,0
112,39503285665529;-874,9671433447093
93,17849829312993;-13270,0
151,6162157777099;38346,2157777099
100,37761593173585;-12892,384068264153
92,95902600930583;-13270,0
116,70131766729892;3431,317667298925
101,80105383047413;-11468,946169525869
124,87585179435736;11605,85179435736
114,98835683376657;1718,356833766573
111,01344087730804;-2256,559122691957
111,71874983106423;-1551,2501689357705
172,45626277001026;59186,26277001026
93,23384744702385;-13270,0
75,76061971076675;-13270,0
95,55295545497671;-13270,0
116,62485344337598;3354,8534433759814
101,24196156662799;-12028,038433372007
75,31848381528663;-13270,0
99,72785949211037;-13270,0
116,16832287211483;2898,322872114828
108,82936277942608;-4440,637220573923
93,91522851015343;-13270,0
114,12056756364824;850,5675636482374
87,03772634541743;-13270,0
95,01034398503151;-13270,0
128,51038737329873;15240,387373298727
100,02995938406771;-13240,04061593229
107,26011821068609;-6009,881789313912
101,88090612908162;-11389,093870918377
113,02517046623012;-244,82953376987825
106,02608990282985;-7243,910097170147
115,5391115651044;2269,1115651044056
107,72107669655249;-5548,923303447513
103,91851404883796;-9351,485951162038
97,96435413109288;-13270,0
117,77598055208654;4505,9805520865375
75,80642080536155;-13270,0
78,3720261584444;-13270,0
94,38651592051382;-13270,0
96,98727839627158;-13270,0
117,88075787207165;4610,757872071656
100,99864159742087;-12271,35840257913
133,85078145839375;20580,781458393758
130,2344072641409;16964,40726414091
108,18031469452025;-5089,685305479751
105,7221396411117;-7547,860358888304
139,35403161683823;26084,031616838227
109,98161551893367;-3288,384481066334
132,58207854286346;19312,078542863455
104,46272486608964;-8807,275133910356
137,6833152140963;24413,3152140963
157,4747762133319;44204,77621333189
112,85079219970208;-419,20780029791604
126,24747538450596;12977,47538450596
93,96427294317972;-13270,0
176,9899580930945;63719,95809309448
119,63448041463711;6364,48041463711
96,96045063663176;-13270,0
97,4846527527708;-13270,0
77,18209954847282;-13270,0
138,9032837930291;25633,28379302909
84,09822384682839;-13270,0
94,77773662368912;-13270,0
102,55123923217957;-10718,760767820431
107,68237156308156;-5587,6284369184405
120,44159464733413;7171,594647334128
82,0459829355131;-13270,0
118,9972632361494;5727,2632361493925
121,43719515993332;8167,195159933326
128,30824453465476;15038,244534654761
82,67882554811452;-13270,0
126,541862910265;13271,862910264997
125,91623586239177;12646,235862391772
140,51782455050434;27247,824550504345
100,07125528005898;-13198,744719941022
107,88853032288056;-5381,469677119445
110,87006756972771;-2399,9324302722907
97,54154443107944;-13270,0
99,52499093140719;-13270,0
89,29358320817398;-13270,0
89,17503157802317;-13270,0
111,1813927309143;-2088,6072690857036
117,17734602192407;3907,346021924066
93,86500303667849;-13270,0
123,59732057979951;10327,320579799514
145,90330427511435;32633,30427511435
178,15747519218368;64887,47519218369
89,48055359173675;-13270,0
125,459170841544;12189,170841543993
92,15451076676895;-13270,0
117,6956252682463;4425,625268246302
107,56216954324196;-5707,830456758036
110,45945406378188;-2810,5459362181227
172,2531634706235;58983,16347062349
91,54479468691336;-13270,0
150,84880093862924;37578,80093862924
100,35550051228996;-12914,499487710036
100,31507952295095;-12954,920477049047
145,48233045557362;32212,330455573618
127,84343295500575;14573,432955005752
184,13505956200012;70865,05956200013
131,7991488415275;18529,148841527513
126,37806298806686;13108,062988066857
102,2138461157789;-11056,153884221094
113,78710791346975;517,1079134697538
88,53722627909123;-13270,0
145,34510637967546;32075,106379675453
98,51921310002302;-13270,0
87,06067511996494;-13270,0
89,98174385233409;-13270,0
97,94249729151164;-13270,0
166,54911485341836;53279,11485341836
100,25512740048627;-13014,872599513727
117,33150667129301;4061,506671293013
94,04789617825615;-13270,0
77,46952826986298;-13270,0
104,73769992762203;-8532,300072377968
87,85625460410601;-13270,0
93,7599694632628;-13270,0
106,80146480149469;-6468,535198505311
138,3861609339411;25116,160933941115
129,8160021280739;16546,002128073906
87,00020519055741;-13270,0
100,86152800292712;-12408,471997072884
76,79615663005691;-13270,0
110,54895757993293;-2721,0424200670677
119,84270187502463;6572,701875024632
107,74577484395891;-5524,225156041088
101,80697742215901;-11463,022577840991
164,38071469022083;51110,714690220826
85,39904154039536;-13270,0
122,76621641923495;9496,216419234952
123,4503661969554;10180,366196955401
111,98314427550056;-1286,8557244994354
78,89172581083541;-13270,0
114,44458402457829;1174,584024578291
112,28077091636067;-989,2290836393331
93,7914603126684;-13270,0
122,20915777682646;8939,157776826458
212,09248604148607;98822,48604148607
92,15602213911095;-13270,0
148,22772194167567;34957,72194167567
111,13209427815558;-2137,905721844423
100,60289570752572;-12667,104292474281
127,70429358707136;14434,293587071363
138,91408117062628;25644,081170626276
113,28930289755878;19,302897558784025
120,50560890497827;7235,608904978275
93,2818215648724;-13270,0
81,24608706919851;-13270,0
136,39404489610408;23124,044896104075
99,92289032237066;-13270,0
124,43569582663083;11165,695826630836
81,71215509099035;-13270,0
112,02971008763237;-1240,2899123676325
97,99545267223618;-13270,0
117,49394950617538;4223,949506175384
118,69896530561081;5428,965305610811
95,28376978118784;-13270,0
79,00625646646347;-13270,0
128,27635254177244;15006,352541772438
142,58045719759224;29310,457197592237
94,97151853089363;-13270,0
152,96537295274854;39695,37295274854
135,50949347502535;22239,493475025352
102,20093192265938;-11069,06807734062
111,81337295516332;-1456,6270448366831
118,15966891760159;4889,668917601593
113,85982870307167;589,828703071671
88,79185445119472;-13270,0
91,46621213834307;-13270,0
106,28948165151913;-6980,518348480875
81,50343916253085;-13270,0
96,6478379323614;-13270,0
93,74191933461489;-13270,0
94,01897860195587;-13270,0
121,9864041384343;8716,404138434296
139,56633234444723;26296,332344447233
93,69748190028903;-13270,0
135,43142013862683;22161,420138626832
76,36806052068236;-13270,0
172,95645377997909;59686,453779979085
96,99392360082597;-13270,0
88,97201957661095;-13270,0
104,40491647437852;-8865,083525621476
110,72443463679807;-2545,565363201935
100,44489360946926;-12825,106390530738
106,59019205405305;-6679,807945946952
134,54861067367852;21278,610673678522
110,27110471134507;-2998,895288654925
121,25089005484892;7980,8900548489255
126,00779104936855;12737,791049368549
109,77286356913842;-3497,1364308615775
78,33128332580623;-13270,0
101,02710531718975;-12242,894682810249
119,26121425547824;5991,214255478237
114,01446360037238;744,4636003723808
69,598050819652;-13270,0
96,58883238512513;-13270,0
67,90006301658595;-13270,0
81,95715508420541;-13270,0
98,64788457638745;-13270,0
111,68675547690555;-1583,244523094454
103,66432907355131;-9605,670926448685
113,08114374287517;-188,85625712482943
97,11049548220863;-13270,0
106,8950339131668;-6374,966086833201
72,5264649366612;-13270,0
134,98820476564845;21718,20476564845
109,60275831191477;-3667,2416880852306
112,53258527826793;-737,4147217320697
87,74888941519771;-13270,0
127,95981986216933;14689,819862169326
72,88924872220174;-13270,0
79,46711120521447;-13270,0
128,05350581870937;14783,505818709367
99,6384583537945;-13270,0
147,64635238209917;34376,35238209917
112,65785292181776;-612,1470781822372
91,73665414568987;-13270,0
109,49368596739579;-3776,3140326042085
140,04096017071507;26770,960170715065
132,29585997614927;19025,859976149273
113,575209091001;305,20909100099925
88,27426574115421;-13270,0
124,14643652532908;10876,436525329078
101,35205383604745;-11917,946163952554
94,7071362715455;-13270,0
136,04687481234933;22776,874812349328
99,82895391491462;-13270,0
92,32205845408963;-13270,0
121,24367861327674;7973,678613276741
87,37985192161076;-13270,0
129,26643398585838;15996,433985858384
84,05829668032509;-13270,0
83,76428292174737;-13270,0
72,3464584692755;-13270,0
80,28193299312966;-13270,0
102,17805710920238;-11091,942890797614
122,48197181322513;9211,97181322513
179,91798263635164;66647,98263635163
111,4942689184371;-1775,731081562899
119,0655607092759;5795,560709275898
110,30988678497468;-2960,1132150253197
110,70467676288438;-2565,3232371156246
112,1108990898219;-1159,1009101781
87,85535534970131;-13270,0
92,3860194901976;-13270,0
123,91466405257383;10644,664052573826
90,1721348390054;-13270,0
92,63494634020992;-13270,0
81,81179232308499;-13270,0
116,94686816148116;3676,868161481161
111,08098517692306;-2189,0148230769355
90,57057560302741;-13270,0
151,11715633762597;37847,15633762597
91,4135359614344;-13270,0
99,1502795581118;-13270,0
75,48861415144836;-13270,0
103,06931836421116;-10200,681635788844
95,88128176990624;-13270,0
112,76164853035252;-508,3514696474831
81,84715919287937;-13270,0
116,11463735241045;2844,6373524104547
147,34662884079737;34076,62884079736
99,99014465280764;-13270,0
127,7520792061233;14482,079206123297
100,8261319571413;-12443,8680428587
72,93946417916281;-13270,0
115,77199446681361;2501,9944668136086
122,81451866220632;9544,518662206327
137,23824970651452;23968,24970651452
136,77043146955702;23500,43146955702
107,94168185719532;-5328,31814280468
120,15378999520556;6883,789995205556
106,91278480201036;-6357,215197989636
134,2494191260141;20979,419126014087
96,4471007747372;-13270,0
126,4938470261242;13223,8470261242
185,62171856816497;72351,71856816497
124,9144486444337;11644,448644433705
123,27956393038737;10009,563930387369
94,92488662568687;-13270,0
104,52069414878751;-8749,305851212488
69,77290817949911;-13270,0
100,37041032847549;-12899,589671524514
126,3240965501367;13054,096550136703
113,97102792928493;701,02792928493
76,49677450830502;-13270,0
89,62964553088707;-13270,0
82,5418151100849;-13270,0
143,6717904488842;30401,790448884196
86,25744456235613;-13270,0
110,707037960136;-2562,9620398639945
146,25017835918712;32980,17835918712
150,86460111557386;37594,60111557386
102,69147223549864;-10578,527764501363
103,1032224121613;-10166,777587838698
185,75949947386087;72489,49947386087
89,6602991854756;-13270,0
108,78914023724946;-4480,859762750544
117,26862209641835;3998,622096418356
124,99154290741184;11721,54290741184
132,71281539744803;19442,815397448026
124,00280200816492;10732,80200816492
137,68939823382544;24419,398233825443
120,49642932796223;7226,4293279622325
106,36442775109313;-6905,5722489068685
134,2850884967325;21015,088496732496
126,32572765323853;13055,72765323853
174,69667756230837;61426,67756230837
96,51644016091574;-13270,0
118,59773708577319;5327,737085773191
77,71670670520277;-13270,0
120,52283691802363;7252,83691802363
118,07983317942077;4809,833179420773
122,40452734829039;9134,527348290387
177,2574467932047;63987,44679320471
128,8153545510765;15545,354551076496
114,12397241250478;853,9724125047851
134,97583958801133;21705,839588011324
95,71969951022496;-13270,0
125,03996066738921;11769,960667389209
91,8038958774209;-13270,0
117,89025055708522;4620,250557085223
118,65223024336953;5382,2302433695295
112,71552113498953;-554,478865010471
88,2978984689037;-13270,0
97,08537745867778;-13270,0
73,79973269104467;-13270,0
131,94211341565983;18672,113415659835
110,77248315470378;-2497,5168452962225
110,96348281413617;-2306,5171858638296
83,71506488677173;-13270,0
80,2708947531782;-13270,0
110,64428282724104;-2625,7171727589575
74,90567892948555;-13270,0
117,95304601269115;4683,046012691146
125,6162437164806;12346,243716480596
94,44302091411508;-13270,0
113,14909732274252;-120,90267725747981
127,72078230809258;14450,782308092581
77,53965276258778;-13270,0
134,2560982965904;20986,09829659041
131,5477710308972;18277,771030897195
118,91783845187673;5647,838451876734
118,39344028914356;5123,440289143557
102,32037940631685;-10949,620593683154
110,6454814814916;-2624,518518508399
140,37858460823054;27108,584608230536
79,64269501680621;-13270,0
133,22234168427036;19952,34168427036
135,31227589713632;22042,275897136315
92,9275096217965;-13270,0
129,69858764947384;16428,587649473837
118,14402252160268;4874,022521602677
94,04879967790069;-13270,0
116,0842490970732;2814,249097073198
76,72055408335477;-13270,0
97,74409649254198;-13270,0
102,41338974140466;-10856,610258595343
96,96454947621137;-13270,0
80,15327099384835;-13270,0
99,00903295027584;-13270,0
104,8427964407574;-8427,203559242604
106,72404991114739;-6545,950088852611
94,2369794100297;-13270,0
99,19165509474612;-13270,0
113,17623234080041;-93,76765919958962
141,00272533262134;27732,72533262134
131,40680616282964;18136,80616282964
108,28987726995925;-4980,122730040752
101,29532176570966;-11974,67823429034
85,15388312610224;-13270,0
80,83657206287782;-13270,0
81,20688730647822;-13270,0
101,32869545387962;-11941,304546120382
90,55989297550602;-13270,0
117,4144442394761;4144,444239476099
75,10768676178105;-13270,0
95,89311641935623;-13270,0
110,32084322928364;-2949,1567707163613
119,36483735394037;6094,837353940373
97,50442087327556;-13270,0
78,45412761862295;-13270,0
107,28050484294096;-5989,495157059044
83,16794260356363;-13270,0
141,64859879027287;28378,598790272874
116,9848083736221;3714,8083736221015
78,87069483239605;-13270,0
148,24055160401878;34970,55160401878
136,19426070487734;22924,260704877335
110,28946854661126;-2980,5314533887395
94,13654323830488;-13270,0
144,37655360453044;31106,55360453044
102,24197875707522;-11028,021242924784
109,98646061150966;-3283,539388490344
97,0957851915282;-13270,0
112,18434057098017;-1085,6594290198318
121,37683639581705;8106,836395817052
121,87193120346167;8601,93120346167
112,3090412451179;-960,9587548821037
104,18759554789219;-9082,404452107814
128,41831663672488;15148,316636724881
124,82535315414471;11555,353154144708
120,42286192302483;7152,861923024826
89,84353407806057;-13270,0
88,22552935445196;-13270,0
85,30842522175675;-13270,0
100,8391202247267;-12430,8797752733
112,25823451437012;-1011,7654856298832
140,69132886253104;27421,328862531038
103,99424501490995;-9275,75498509005
85,76769629366218;-13270,0
126,1372936779581;12867,2936779581
76,95542663132628;-13270,0
81,26598092018344;-13270,0
132,4104706726934;19140,470672693406
130,12257583681225;16852,575836812244
140,22533146433685;26955,33146433685
176,1726901006717;62902,690100671694
124,7107523903448;11440,752390344795
124,01828025054597;10748,28025054597
110,7223115562174;-2547,688443782594
91,92170436206;-13270,0
73,02402565140517;-13270,0
89,25852745210199;-13270,0
104,22708554523071;-9042,914454769292
136,36382451122407;23093,82451122407
130,63150190902485;17361,50190902485
173,65489958671174;60384,899586711734
144,8260634920506;31556,06349205059
176,8932936034882;63623,293603488186
148,90915210102423;35639,152101024236
106,89978184478473;-6370,218155215273
121,98061674132833;8710,616741328333
121,48742551292901;8217,425512929007
117,61532950501498;4345,329505014983
123,04551726278812;9775,517262788126
135,28050879589503;22010,50879589503
148,75942921005674;35489,42921005674
65,1846715472822;-13270,0
136,91656774371154;23646,567743711537
115,94831817857074;2678,318178570744
115,16532076230379;1895,3207623037924
113,94120613207808;671,2061320780795
111,84524057671406;-1424,7594232859374
105,06559568488893;-8204,404315111067
87,06164606196931;-13270,0
106,97316304529139;-6296,836954708614
107,1061762678269;-6163,823732173104
102,2871699616202;-10982,830038379807
107,65803635867192;-5611,963641328079
102,33410927420246;-10935,890725797539
141,60428791255956;28334,287912559557
118,29065859935544;5020,65859935544
77,05439235348832;-13270,0
78,99585975270942;-13270,0
66,20349923052929;-13270,0
126,09071866195423;12820,718661954226
147,18016236757867;33910,162367578676
79,82161054316158;-13270,0
118,44942026111633;5179,420261116331
161,93542507013524;48665,425070135236
145,283289258425;32013,289258424986
120,96762040731295;7697,620407312948
113,0461649850421;-223,8350149579037
109,94682035844501;-3323,1796415549907
87,85763441875775;-13270,0
154,3364209025809;41066,420902580896
116,36888061078862;3098,880610788623
134,6693374358567;21399,3374358567
99,52445851256094;-13270,0
115,30731404605487;2037,3140460548693
121,82650092674265;8556,500926742654
110,77526881320703;-2494,7311867929657
117,74612891317871;4476,128913178709
94,20363811283144;-13270,0
96,0293094727478;-13270,0
125,82682272985338;12556,822729853375
109,81901270324319;-3450,9872967568117
151,64077688827527;38370,77688827527
91,79526430966887;-13270,0
127,16221765718412;13892,217657184116
116,69861051960598;3428,61051960598
107,71681830964508;-5553,1816903549225
91,11398950093623;-13270,0
112,55488736155388;-715,1126384461186
84,5558918397242;-13270,0
98,78197563669592;-13270,0
128,14259229330497;14872,592293304973
86,21508401815049;-13270,0
121,02346467138064;7753,464671380636
118,02621230859228;4756,212308592279
100,31743722458735;-12952,562775412649
87,80069663919998;-13270,0
98,20822271709527;-13270,0
104,75558769629608;-8514,412303703924
124,39749638082695;11127,49638082695
107,65366945180274;-5616,330548197258
121,87884329322691;8608,843293226906
129,97561196946378;16705,611969463785
94,29139078509226;-13270,0
133,67468302951184;20404,68302951184
115,06540861411949;1795,4086141194912
101,43248126852262;-11837,518731477378
167,28241296651774;54012,412966517746
82,10797511778435;-13270,0
108,64222673838783;-4627,773261612167
103,90936475526237;-9360,635244737627
144,51645679773296;31246,456797732957
75,36595747855797;-13270,0
125,30183885043971;12031,838850439708
124,38386463110037;11113,864631100365
102,95369723425603;-10316,302765743974
100,74819549237257;-12521,804507627427
81,75368977469509;-13270,0
107,11533346177563;-6154,6665382243655
97,31934019464083;-13270,0
93,43207328134292;-13270,0
97,76582065242822;-13270,0
100,89566972943001;-12374,330270569988
88,74803656028392;-13270,0
77,79674800177503;-13270,0
104,50239602852704;-8767,603971472956
87,39900337755284;-13270,0
111,57862282207265;-1691,3771779273538
107,36632260146015;-5903,677398539845
110,44825830119672;-2821,7416988032837
98,90255167566593;-13270,0
102,04792811653782;-11222,071883462182
124,30922352020595;11039,223520205946
126,37099340296463;13100,993402964628
104,77569706727172;-8494,302932728278
97,39950192299777;-13270,0
105,21408223193383;-8055,9177680661705
96,93200398826691;-13270,0
97,42240950582072;-13270,0
99,62280267974339;-13270,0
105,15401861822824;-8115,981381771764
115,68995444466701;2419,9544446670097
88,91646629652234;-13270,0
66,27818664486645;-13270,0
77,27798211956241;-13270,0
130,13891793939692;16868,917939396917
105,34364258023304;-7926,357419766962
110,0464877511738;-3223,5122488262004
101,09748677018209;-12172,513229817912
75,6822331200453;-13270,0
102,53991903132051;-10730,080968679493
90,0960182741136;-13270,0
77,97527133375841;-13270,0
117,45345271627563;4183,452716275635
112,4261662070368;-843,8337929631998
96,22252918822056;-13270,0
116,74599934697963;3475,999346979632
98,53076348910467;-13270,0
119,57785606179183;6307,856061791834
92,06509847660774;-13270,0
113,50614477598864;236,14477598864505
89,10634855946884;-13270,0
106,13498752183814;-7135,012478161859
93,28104073912344;-13270,0
124,48250499037665;11212,504990376656
119,63133117838332;6361,33117838332
104,39373844715524;-8876,261552844757
123,2280840943212;9958,084094321202
105,86170674819388;-7408,293251806118
112,61384021698207;-656,1597830179307
120,37215940401585;7102,159404015845
95,36754039272437;-13270,0
164,27207824524157;51002,07824524157
178,1876409519422;64917,6409519422
114,08781038101712;817,8103810171215
136,27480719002997;23004,807190029976
108,14805823327369;-5121,941766726312
99,25298104003811;-13270,0
142,05705515666435;28787,055156664348
115,05646522332091;1786,4652233209126
122,59883124911373;9328,83124911373
142,72195642025844;29451,956420258437
108,15355683002663;-5116,44316997337
116,8715742570124;3601,5742570123984
82,93812820349365;-13270,0
146,13541348248827;32865,41348248828
108,70345845795796;-4566,541542042036
117,98797151857218;4717,97151857218
98,99527662447898;-13270,0
130,3682046188105;17098,204618810494
155,26256767986317;41992,56767986317
91,15194481581612;-13270,0
107,55567772044299;-5714,322279557014
108,78735714664933;-4482,642853350673
97,77305964968467;-13270,0
161,9147057136112;48644,7057136112
121,16403140208065;7894,0314020806545
146,69007950129463;33420,07950129463
96,40325260956787;-13270,0
92,28511622894227;-13270,0
134,81085352352144;21540,853523521444
116,9488757055873;3678,8757055872993
122,64088070258912;9370,880702589115
100,40095440017518;-12869,04559982482
89,49679507740989;-13270,0
102,03466089624288;-11235,339103757116
127,11019498771488;13840,194987714876
103,76550073178757;-9504,499268212432
104,60601054712544;-8663,989452874564
108,62092482728013;-4649,075172719866
126,43832650738813;13168,326507388127
100,70335327634064;-12566,646723659363
106,3758452706137;-6894,154729386305
153,22406214381624;39954,06214381624
119,46939900904567;6199,399009045672
95,2071781055662;-13270,0
131,87156734374094;18601,567343740935
68,7308062244777;-13270,0
130,48229472724915;17212,294727249155
82,93157184877921;-13270,0
133,4797705479091;20209,77054790911
121,44443302307666;8174,433023076654
89,17674426023629;-13270,0
88,9147021923881;-13270,0
107,09564618179344;-6174,353818206559
75,73752740561139;-13270,0
118,9098713783305;5639,871378330492
135,67156996288003;22401,56996288003
78,55108016572969;-13270,0
95,82248903814872;-13270,0
121,1489753957805;7878,975395780497
112,8356305506117;-434,3694493883031
133,40519354475958;20135,193544759582
78,06102806649595;-13270,0
88,74043547477324;-13270,0
130,42991379330303;17159,91379330303
111,52107831752764;-1748,9216824723608
118,34171109563967;5071,711095639668
124,17231182509954;10902,31182509954
119,83400345594464;6564,003455944639
126,17367567806146;12903,675678061456
143,87361036730994;30603,610367309935
106,40952856336892;-6860,471436631077
76,06423130346484;-13270,0
148,8493499063801;35579,3499063801
99,18793337491796;-13270,0
89,78598701814592;-13270,0
124,97823546335086;11708,235463350855
123,55338215765738;10283,382157657383
200,76633636783976;87496,33636783976
90,28918378959546;-13270,0
86,35611053329026;-13270,0
136,5935720605564;23323,5720605564
91,30977672487033;-13270,0
85,65762627904525;-13270,0
124,226896071678;10956,896071677998
123,51534816449427;10245,34816449427
92,74536632788617;-13270,0
98,71134512283668;-13270,0
158,83758169509744;45567,58169509744
101,29872453923817;-11971,275460761835
121,21794542946527;7947,945429465275
76,43931313707965;-13270,0
104,97706738402263;-8292,932615977368
96,19886730321919;-13270,0
107,11740507666157;-6152,594923338431
129,70145690282564;16431,45690282564
78,65114368692623;-13270,0
120,71987696440058;7449,876964400584
101,47248053693278;-11797,519463067221
71,96417745242873;-13270,0
99,92977926653597;-13270,0
109,6383882471398;-3631,611752860199
86,8485347474573;-13270,0
107,54584532837946;-5724,154671620543
128,7428484070538;15472,8484070538
126,2315356074073;12961,535607407295
119,03096090295047;5760,960902950468
81,07781203559914;-13270,0
146,33545052166602;33065,45052166602
79,70964275269826;-13270,0
111,64392861195182;-1626,071388048178
115,45276948103857;2182,769481038573
123,43347834942352;10163,478349423523
97,89083059695245;-13270,0
129,17696301542662;15906,963015426623
139,4938943358523;26223,894335852303
74,80438122561573;-13270,0
88,53825585570841;-13270,0
130,92866735351515;17658,667353515153
91,2101193269494;-13270,0
109,32632889984734;-3943,67110015266
117,95160164789024;4681,601647890242
163,32004725792237;50050,04725792237
130,00866094848;16738,660948480014
166,95005966038855;53680,05966038855
118,63774216868686;5367,742168686855
102,02117337188868;-11248,826628111321
90,22279433638163;-13270,0
93,76846971762745;-13270,0
107,26764336299588;-6002,356637004116
118,56052140562343;5290,521405623433
129,31695243344342;16046,952433443417
94,66021951758952;-13270,0
125,28693095126468;12016,93095126468
127,60576339480285;14335,763394802849
130,7734571166864;17503,457116686386
108,89424435623893;-4375,755643761071
117,49069985675666;4220,6998567566625
112,09649850885359;-1173,501491146415
85,55501948605607;-13270,0
66,42008060446851;-13270,0
96,77519314245929;-13270,0
93,35546690872212;-13270,0
150,9534682361312;37683,468236131186
142,16017807369633;28890,178073696326
112,50232124414548;-767,678755854522
104,61941819765232;-8650,581802347679
139,0426397954301;25772,639795430092
122,33027967797479;9060,279677974788
120,15001971195561;6880,019711955607
68,67995817789081;-13270,0
139,63492918188135;26364,929181881344
85,69514142365554;-13270,0
104,23823832394663;-9031,761676053367
109,558803526265;-3711,1964737350045
93,77614468401815;-13270,0
113,35219335020037;82,1933502003667
82,88287423252059;-13270,0
116,77014051721078;3500,140517210777
145,92354200564287;32653,54200564287
118,87611247185018;5606,112471850178
83,03041337218929;-13270,0
127,17540772119109;13905,407721191092
132,83301431979515;19563,014319795155
132,5081437408856;19238,1437408856
125,55618168799371;12286,181687993714
89,4795982328919;-13270,0
96,43654563554772;-13270,0
96,56057575200028;-13270,0
120,60929810794035;7339,298107940347
105,866135786599;-7403,864213400997
100,17308606374964;-13096,913936250363
116,68671975223468;3416,7197522346796
122,6271550652998;9357,155065299805
155,2799897538539;42009,98975385389
124,20035860183367;10930,358601833672
98,5131536862138;-13270,0
86,23657988834488;-13270,0
88,29954679395586;-13270,0
113,4233419772117;153,34197721170676
105,68572745641718;-7584,272543582817
136,91579619756874;23645,796197568736
93,21126698589077;-13270,0
104,26514157073629;-9004,85842926371
101,07975078934828;-12190,249210651718
137,23994486725752;23969,944867257524
99,14191483699705;-13270,0
92,63164419599474;-13270,0
115,877646108945;2607,6461089450004
126,4414505761746;13171,450576174604
102,70128323106368;-10568,716768936316
88,70069454427377;-13270,0
136,14104140128728;22871,04140128728
111,47512474460788;-1794,8752553921186
105,28567895830084;-7984,321041699165
106,8373894027686;-6432,610597231406
101,29189399785903;-11978,106002140965
98,68498797190715;-13270,0
88,76240957491012;-13270,0
119,17765409513213;5907,654095132126
101,90262489505761;-11367,375104942386
105,01200737332017;-8257,992626679827
140,1823770208431;26912,377020843094
101,29933672053313;-11970,663279466866
75,25994213078671;-13270,0
79,63398637722567;-13270,0
120,27178430933118;7001,784309331182
166,92668222206413;53656,68222206413
85,79026926051742;-13270,0
162,65243328810607;49382,43328810607
127,90195996215805;14631,959962158046
96,94027800816865;-13270,0
102,58248694103398;-10687,513058966022
95,70115409212774;-13270,0
123,66828907431298;10398,28907431298
130,17958268541727;16909,582685417274
117,53330754719944;4263,307547199442
75,77674940333924;-13270,0
101,05749173256655;-12212,508267433454
76,04484574358592;-13270,0
126,11860295197708;12848,602951977082
117,16531794792134;3895,3179479213395
135,96102842403286;22691,028424032862
118,322039141294;5052,039141294001
102,10596851580121;-11164,031484198791
89,9500507764311;-13270,0
103,63100816509277;-9638,991834907234
83,05828721128883;-13270,0
80,71645241270437;-13270,0
119,3078687840896;6037,8687840896055
100,97503210306635;-12294,967896933646
113,3309149691762;60,914969176206796
140,5792162031069;27309,21620310691
100,09154340545012;-13178,456594549876
94,04479233511618;-13270,0
118,25402346996093;4984,023469960928
116,34689295671193;3076,8929567119267
116,18615316500798;2916,1531650079796
134,54900694173796;21279,006941737956
97,55627795841704;-13270,0
156,84441572946895;43574,41572946895
108,95746340475105;-4312,5365952489465
116,71205658215366;3442,0565821536657
88,24778095179616;-13270,0
140,43595665198345;27165,956651983448
122,45200801133748;9182,008011337482
110,93755781239676;-2332,4421876032393
114,51117763977206;1241,1776397720569
97,09047816112096;-13270,0
143,35725249848014;30087,252498480135
126,8827582445549;13612,758244554905
106,53082560516181;-6739,174394838191
99,56330898396652;-13270,0
125,90474225010368;12634,742250103682
98,49623251875292;-13270,0
100,35322368128745;-12916,776318712555
97,38947956558134;-13270,0
99,60216948043829;-13270,0
110,56288650083155;-2707,1134991684467
107,0798947697573;-6190,105230242697
104,41789085900777;-8852,10914099223
210,25789495026035;96987,89495026035
87,87788272015611;-13270,0
166,15006338352526;52880,06338352527
69,87267295739159;-13270,0
153,0588993649544;39788,89936495441
123,52698158314521;10256,981583145214
97,2870745042276;-13270,0
124,59365538929434;11323,655389294341
111,67465315753648;-1595,3468424635175
98,55940086603475;-13270,0
117,52078088886529;4250,780888865291
158,78495861620252;45514,958616202515
167,461817356199;54191,817356199
98,21059102509612;-13270,0
147,7078672464459;34437,86724644589
106,6789765242238;-6591,023475776201
77,97700174129174;-13270,0
114,51273418946172;1242,7341894617239
109,12298149449894;-4147,018505501055
99,24523560373306;-13270,0
107,13594697540938;-6134,0530245906175
98,86162816663312;-13270,0
127,41181580081647;14141,815800816468
119,98934922655326;6719,349226553259
123,73673742970786;10466,737429707857
168,38136271916738;55111,36271916739
74,48433632102895;-13270,0
107,44400013511408;-5825,999864885919
114,55817074551533;1288,1707455153264
78,4920499032077;-13270,0
105,34197304493544;-7928,026955064557
91,48513673041465;-13270,0
170,2177257577329;56947,7257577329
96,04925222066984;-13270,0
108,79305932877104;-4476,940671228964
148,11551759691713;34845,51759691713
126,36951108777342;13099,511087773419
114,98458801622104;1714,5880162210397
75,29658099252266;-13270,0
103,25720158719413;-10012,798412805869
107,94686161026834;-5323,138389731657
80,98475862221935;-13270,0
90,94042801933257;-13270,0
97,27932511549334;-13270,0
114,63471695386758;1364,7169538675807
139,86244575286565;26592,445752865657
141,04072474116956;27770,724741169557
109,27558979909433;-3994,410200905666
141,25914869466098;27989,14869466098
144,5703534926384;31300,353492638387
125,58679385299862;12316,793852998624
105,39460327478697;-7875,396725213026
95,47750892420495;-13270,0
86,71953723016291;-13270,0
77,72006983391013;-13270,0
147,59756808195067;34327,56808195067
112,97369164803477;-296,3083519652264
111,88409255279718;-1385,907447202815
117,44497778738379;4174,977787383792
119,7497842737778;6479,784273777805
171,6511853753174;58381,18537531739
96,48199665954688;-13270,0
83,96978007246216;-13270,0
86,02398113725307;-13270,0
86,30147541143359;-13270,0
84,35090423007398;-13270,0
112,45424416063155;-815,755839368454
128,9820040764765;15712,0040764765
129,35855058332325;16088,55058332325
117,95766507413998;4687,665074139983
83,10379679213705;-13270,0
107,01753125834878;-6252,468741651218
150,80611645609596;37536,116456095966
120,00793902044393;6737,939020443926
86,67720489213497;-13270,0
95,44541998835243;-13270,0
124,15599887403006;10885,998874030061
115,87224996680845;2602,249966808453
141,7762624498077;28506,26244980769
86,93317431839867;-13270,0
77,6729188414323;-13270,0
107,77447515026033;-5495,524849739671
61,06106567506089;-13270,0
170,11120328868233;56841,20328868233
115,7814860889832;2511,4860889832
107,79485967160367;-5475,1403283963255
146,39834178568807;33128,34178568808
98,0039577482707;-13270,0
146,3328676228672;33062,86762286721
118,62671180010179;5356,711800101788
110,90671983491771;-2363,280165082291
88,58420813071106;-13270,0
82,34604806367092;-13270,0
117,6210259208403;4351,025920840297
96,56424183806462;-13270,0
147,64279223750103;34372,792237501024
105,1108102649694;-8159,189735030598
97,13696757131649;-13270,0
99,3957999100455;-13270,0
88,99977754189952;-13270,0
84,32580809923925;-13270,0
65,16858091762111;-13270,0
117,45379826030312;4183,798260303116
87,39116636180157;-13270,0
102,33062956750865;-10939,370432491349
92,7221253403638;-13270,0
97,35695410213594;-13270,0
95,34266068605973;-13270,0
119,80497663966496;6534,9766396649575
131,514687794996;18244,687794996007
118,50495362040463;5234,953620404634
121,08564144740824;7815,641447408234
90,94203469010868;-13270,0
81,85182706218878;-13270,0
116,03392463170314;2763,924631703143
109,1604775991598;-4109,522400840195
134,3490661922001;21079,0661922001
100,68486616595345;-12585,133834046548
96,05460286209644;-13270,0
134,26566169755947;20995,661697559466
95,80085365453044;-13270,0
74,78954029406253;-13270,0
87,46896346692864;-13270,0
102,08057742762668;-11189,422572373322
72,34314913199078;-13270,0
90,07188782606292;-13270,0
130,97531677103157;17705,316771031572
173,80358819278769;60533,58819278769
89,11739638723681;-13270,0
80,9314315321591;-13270,0
93,20760473654866;-13270,0
140,80494485612752;27534,94485612752
148,22559848036462;34955,59848036463
137,21060400183694;23940,60400183694
125,48368113575408;12213,681135754083
126,58210859882514;13312,108598825143
116,20644435538325;2936,4443553832552
81,17039419855199;-13270,0
116,81248628687702;3542,486286877018
137,12648891495192;23856,488914951922
122,46929425863733;9199,294258637332
99,92349556615316;-13270,0
109,09074263649192;-4179,257363508075
136,37307039871328;23103,07039871328
147,7409997744473;34470,999774447286
126,43647545322997;13166,475453229974
126,60046566162788;13330,46566162788
136,91420555508225;23644,205555082248
103,94639284519111;-9323,607154808888
109,72895852518745;-3541,0414748125495
147,5294801722566;34259,4801722566
124,83399685716512;11563,996857165119
127,43816087988323;14168,160879883228
81,5130794082371;-13270,0
86,98529787042901;-13270,0
95,77605605924582;-13270,0
98,4802483737338;-13270,0
107,26494476618431;-6005,055233815686
74,85972915853021;-13270,0
102,35488530982178;-10915,114690178218
128,9951191246045;15725,119124604513
112,78431171993795;-485,6882800620533
138,91008808567068;25640,08808567068
88,27687452826775;-13270,0
104,3378657700726;-8932,134229927404
137,54984048093007;24279,84048093007
125,63525418556524;12365,254185565245
128,19293081792742;14922,93081792742
145,36237383695294;32092,37383695294
122,9345464836266;9664,546483626604
101,315015673195;-11954,984326804994
87,15584122818537;-13270,0
73,36153699789033;-13270,0
110,08312252836325;-3186,8774716367516
116,50394757668533;3233,9475766853357
98,07670742012733;-13270,0
